id,data_inversa,dia_semana,horario,uf,br,km,municipio,causa_acidente,tipo_acidente,classificacao_acidente,fase_dia,sentido_via,condicao_metereologica,tipo_pista,tracado_via,uso_solo,ano,pessoas,mortos,feridos_leves,feridos_graves,ilesos,ignorados,feridos,veiculos
186612,01/02/2007,Quinta,15:40:00,RN,101,103.0,PARNAMIRIM,Falta de atenção,Colisão Transversal,Sem Vítimas,Pleno dia,Decrescente,Ceu Claro,Simples,Reta,Urbano,2007,2,0,0,0,2,0,0,2
186775,25/01/2007,Quinta,23:30:00,RN,101,29.3,RIO DO FOGO,Animais na Pista,Tombamento,Sem Vítimas,Plena noite,Decrescente,Ceu Claro,Simples,Reta,Rural,2007,1,0,0,0,1,0,0,1
186867,02/02/2007,Sexta,07:30:00,RN,101,101.8,PARNAMIRIM,Falta de atenção,Colisão Transversal,Com Vítimas Feridas,Pleno dia,Crescente,Ceu Claro,Múltipla,Cruzamento,Urbano,2007,2,0,1,0,1,0,1,2
186918,02/02/2007,Sexta,09:40:00,RN,101,101.8,PARNAMIRIM,Desobediência à sinalização,Colisão Transversal,Sem Vítimas,Pleno dia,Decrescente,Ceu Claro,Dupla,Cruzamento,Urbano,2007,2,0,0,0,2,0,0,2
186928,02/02/2007,Sexta,14:00:00,RN,101,84.2,SAO GONCALO DO AMARANTE,Outras,Colisão lateral,Sem Vítimas,Pleno dia,Crescente,Ceu Claro,Múltipla,Reta,Urbano,2007,2,0,0,0,2,0,0,2
187007,02/02/2007,Sexta,20:20:00,RN,101,99.8,NATAL,Outras,Colisão traseira,Sem Vítimas,Plena noite,Crescente,Ceu Claro,Dupla,Reta,Urbano,2007,2,0,0,0,2,0,0,2
187039,29/01/2007,Segunda,18:25:00,RN,101,9.7,NATAL,Outras,Colisão traseira,Sem Vítimas,Anoitecer,Crescente,Ignorada,Simples,Curva,Urbano,2007,2,0,0,0,2,0,0,2
187049,02/02/2007,Sexta,18:20:00,RN,101,85.6,NATAL,Falta de atenção,Colisão lateral,Com Vítimas Feridas,Plena noite,Decrescente,Ceu Claro,Dupla,Reta,Urbano,2007,2,0,1,0,1,0,1,2
187064,29/01/2007,Segunda,06:50:00,RN,304,33.8,MOSSORO,Falta de atenção,Colisão traseira,Sem Vítimas,Pleno dia,Crescente,Ceu Claro,Simples,Reta,Urbano,2007,2,0,0,0,2,0,0,2
187077,02/02/2007,Sexta,09:55:00,RN,101,106.1,PARNAMIRIM,Outras,Colisão Transversal,Com Vítimas Feridas,Pleno dia,Crescente,Sol,Dupla,Reta,Urbano,2007,2,0,0,1,1,0,1,2
187088,02/02/2007,Sexta,18:30:00,RN,427,24.6,ACARI,Falta de atenção,Capotamento,Sem Vítimas,Anoitecer,Crescente,Ceu Claro,Simples,Reta,Rural,2007,1,0,0,0,1,0,0,1
187167,03/02/2007,Sábado,11:30:00,RN,304,292.7,MACAIBA,Falta de atenção,Colisão traseira,Sem Vítimas,Pleno dia,Decrescente,Ceu Claro,Simples,Reta,Rural,2007,2,0,0,0,2,0,0,2
187360,03/02/2007,Sábado,17:50:00,RN,101,75.0,SAO GONCALO DO AMARANTE,Defeito na via,Saída de Pista,Sem Vítimas,Anoitecer,Crescente,Ceu Claro,Simples,Curva,Rural,2007,1,0,0,0,1,0,0,1
187372,03/02/2007,Sábado,22:30:00,RN,304,36.4,MOSSORO,Falta de atenção,Colisão Transversal,Com Vítimas Feridas,Plena noite,Crescente,Ceu Claro,Simples,Cruzamento,Urbano,2007,4,0,4,0,0,0,4,2
187394,30/01/2007,Terça,08:00:00,RN,101,96.6,NATAL,Falta de atenção,Colisão traseira,Com Vítimas Feridas,Pleno dia,Decrescente,Ceu Claro,Dupla,Reta,Urbano,2007,2,0,1,0,1,0,1,2
187434,03/02/2007,Sábado,15:30:00,RN,226,15.0,MACAIBA,Falta de atenção,Colisão traseira,Sem Vítimas,Pleno dia,Crescente,Ceu Claro,Simples,Reta,Urbano,2007,2,0,0,0,2,0,0,2
187457,30/01/2007,Terça,16:40:00,RN,101,120.2,SAO JOSE DE MIPIBU,Outras,Colisão lateral,Sem Vítimas,Pleno dia,Crescente,Ceu Claro,Simples,Reta,Rural,2007,2,0,0,0,2,0,0,2
187462,28/01/2007,Domingo,05:30:00,RN,101,84.5,NATAL,Falta de atenção,Colisão com objeto fixo,Com Vítimas Feridas,Amanhecer,Crescente,Ceu Claro,Dupla,Reta,Urbano,2007,1,0,1,0,0,0,1,1
187483,03/02/2007,Sábado,01:50:00,RN,101,76.1,NATAL,Outras,Atropelamento de pessoa,Com Vítimas Fatais,Plena noite,Decrescente,Nublado,Dupla,Reta,Rural,2007,2,1,0,0,0,1,0,1
187507,01/02/2007,Quinta,06:40:00,RN,304,39.2,MOSSORO,Falta de atenção,Colisão Transversal,Com Vítimas Feridas,Pleno dia,Crescente,Sol,Simples,Cruzamento,Urbano,2007,2,0,0,1,1,0,1,2
187541,02/02/2007,Sexta,12:10:00,RN,304,166.1,FERNANDO PEDROZA,Falta de atenção,Colisão Transversal,Com Vítimas Feridas,Pleno dia,Crescente,Ceu Claro,Simples,Reta,Rural,2007,2,0,0,1,1,0,1,2
187578,01/02/2007,Quinta,03:00:00,RN,226,155.6,CURRAIS NOVOS,Outras,Saída de Pista,Sem Vítimas,Plena noite,Crescente,Ceu Claro,Simples,Curva,Rural,2007,1,0,0,0,1,0,0,1
187654,04/02/2007,Domingo,18:00:00,RN,101,85.8,SAO GONCALO DO AMARANTE,Não guardar distância de segurança,Colisão traseira,Sem Vítimas,Pleno dia,Crescente,Ceu Claro,Simples,Reta,Urbano,2007,3,0,0,0,3,0,0,3
187709,04/02/2007,Domingo,20:20:00,RN,101,99.6,NATAL,Falta de atenção,Colisão lateral,Sem Vítimas,Plena noite,Crescente,Ceu Claro,Dupla,Reta,Urbano,2007,2,0,0,0,2,0,0,2
187868,05/02/2007,Segunda,07:00:00,RN,101,108.9,PARNAMIRIM,Outras,Colisão traseira,Sem Vítimas,Pleno dia,Decrescente,Ceu Claro,Simples,Reta,Urbano,2007,3,0,0,0,3,0,0,3
187871,05/02/2007,Segunda,01:49:00,RN,304,203.0,LAJES,Animais na Pista,Atropelamento de animal,Sem Vítimas,Plena noite,Crescente,Nublado,Simples,Reta,Rural,2007,1,0,0,0,1,0,0,1
187926,05/02/2007,Segunda,12:55:00,RN,101,98.1,NATAL,Falta de atenção,Colisão lateral,Sem Vítimas,Plena noite,Decrescente,Ceu Claro,Dupla,Curva,Urbano,2007,2,0,0,0,2,0,0,2
187932,05/02/2007,Segunda,11:00:00,RN,101,148.4,GOIANINHA,Falta de atenção,Colisão Transversal,Sem Vítimas,Pleno dia,Decrescente,Ceu Claro,Simples,Cruzamento,Urbano,2007,2,0,0,0,2,0,0,2
188072,30/01/2007,Terça,14:50:00,RN,110,47.0,MOSSORO,Desobediência à sinalização,Colisão lateral,Sem Vítimas,Pleno dia,Crescente,Ceu Claro,Simples,Cruzamento,Urbano,2007,3,0,0,0,2,1,0,2
188075,05/02/2007,Segunda,10:40:00,RN,405,175.2,JOSE DA PENHA,Ultrapassagem indevida,Colisão lateral,Com Vítimas Fatais,Pleno dia,Decrescente,Ceu Claro,Simples,Reta,Urbano,2007,3,1,1,0,1,0,1,2
188096,01/02/2007,Quinta,20:45:00,RN,405,73.4,APODI,Falta de atenção,Saída de Pista,Com Vítimas Fatais,Plena noite,Decrescente,Ceu Claro,Simples,Reta,Rural,2007,1,1,0,0,0,0,0,1
188104,05/02/2007,Segunda,16:20:00,RN,406,157.9,CEARA-MIRIM,Falta de atenção,Capotamento,Com Vítimas Feridas,Pleno dia,Decrescente,Sol,Simples,Reta,Rural,2007,1,0,1,0,0,0,1,1
188174,05/02/2007,Segunda,20:15:00,RN,101,108.6,PARNAMIRIM,Outras,Colisão com objeto fixo,Sem Vítimas,Plena noite,Decrescente,Ceu Claro,Dupla,Cruzamento,Urbano,2007,1,0,0,0,1,0,0,1
188302,06/02/2007,Terça,05:00:00,RN,304,62.5,MOSSORO,Animais na Pista,Atropelamento de animal,Com Vítimas Fatais,Amanhecer,Crescente,Ceu Claro,Simples,Reta,Rural,2007,5,3,1,0,1,0,1,2
188313,03/02/2007,Sábado,06:20:00,RN,101,84.9,SAO GONCALO DO AMARANTE,Não guardar distância de segurança,Colisão lateral,Sem Vítimas,Pleno dia,Crescente,Ceu Claro,Múltipla,Reta,Urbano,2007,2,0,0,0,2,0,0,2
188325,02/02/2007,Sexta,21:55:00,RN,101,97.8,NATAL,Não guardar distância de segurança,Colisão traseira,Sem Vítimas,Plena noite,Crescente,Ignorada,Múltipla,Reta,Urbano,2007,2,0,0,0,2,0,0,2
188391,02/02/2007,Sexta,20:50:00,RN,101,123.2,SAO JOSE DE MIPIBU,Outras,Colisão traseira,Com Vítimas Fatais,Plena noite,Crescente,Vento,Simples,Reta,Rural,2007,2,1,0,0,1,0,0,2
188438,06/02/2007,Terça,11:20:00,RN,101,96.8,NATAL,Falta de atenção,Colisão lateral,Sem Vítimas,Pleno dia,Crescente,Ceu Claro,Dupla,Reta,Urbano,2007,2,0,0,0,2,0,0,2
188450,06/02/2007,Terça,10:15:00,RN,304,37.4,MOSSORO,Falta de atenção,Colisão lateral,Com Vítimas Feridas,Pleno dia,Decrescente,Ceu Claro,Simples,Cruzamento,Urbano,2007,2,0,1,0,1,0,1,2
188496,06/02/2007,Terça,16:40:00,RN,101,98.0,NATAL,Falta de atenção,Colisão lateral,Com Vítimas Feridas,Pleno dia,Crescente,Ceu Claro,Dupla,Reta,Urbano,2007,2,0,1,0,1,0,1,2
188501,02/02/2007,Sexta,17:15:00,RN,101,95.4,NATAL,Outras,Colisão traseira,Sem Vítimas,Anoitecer,Crescente,Ceu Claro,Dupla,Reta,Urbano,2007,2,0,0,0,2,0,0,2
188571,06/02/2007,Terça,09:20:00,RN,101,83.2,SAO GONCALO DO AMARANTE,Não guardar distância de segurança,Colisão traseira,Sem Vítimas,Pleno dia,Crescente,Ceu Claro,Dupla,Reta,Urbano,2007,3,0,0,0,3,0,0,3
188641,06/02/2007,Terça,12:20:00,RN,101,98.0,NATAL,Não guardar distância de segurança,Colisão traseira,Sem Vítimas,Pleno dia,Decrescente,Ceu Claro,Múltipla,Reta,Urbano,2007,3,0,0,0,3,0,0,3
188677,06/02/2007,Terça,23:30:00,RN,304,34.6,MOSSORO,Falta de atenção,Colisão lateral,Com Vítimas Feridas,Plena noite,Decrescente,Ceu Claro,Simples,Reta,Urbano,2007,3,0,2,0,1,0,2,2
188734,03/02/2007,Sábado,23:00:00,RN,101,108.5,PARNAMIRIM,Ingestão de álcool,Capotamento,Com Vítimas Feridas,Plena noite,Decrescente,Ceu Claro,Dupla,Curva,Urbano,2007,2,0,1,0,1,0,1,1
188818,03/02/2007,Sábado,14:50:00,RN,101,102.9,PARNAMIRIM,Falta de atenção,Colisão Transversal,Com Vítimas Feridas,Pleno dia,Decrescente,Ceu Claro,Dupla,Reta,Urbano,2007,2,0,1,0,1,0,1,2
188934,03/02/2007,Sábado,16:10:00,RN,101,143.9,GOIANINHA,Outras,Capotamento,Com Vítimas Feridas,Pleno dia,Crescente,Sol,Simples,Curva,Rural,2007,1,0,1,0,0,0,1,1
188992,07/02/2007,Quarta,09:00:00,RN,101,96.7,NATAL,Falta de atenção,Colisão lateral,Sem Vítimas,Pleno dia,Crescente,Ceu Claro,Dupla,Reta,Urbano,2007,2,0,0,0,2,0,0,2
188998,04/02/2007,Domingo,02:20:00,RN,101,96.4,NATAL,Velocidade incompatível,Colisão frontal,Com Vítimas Feridas,Plena noite,Crescente,Nublado,Dupla,Curva,Urbano,2007,2,0,1,0,1,0,1,2
189256,04/02/2007,Domingo,15:30:00,RN,101,81.6,SAO GONCALO DO AMARANTE,Falta de atenção,Colisão traseira,Sem Vítimas,Pleno dia,Crescente,Ceu Claro,Dupla,Cruzamento,Urbano,2007,2,0,0,0,2,0,0,2
189282,04/02/2007,Domingo,15:25:00,RN,101,81.6,SAO GONCALO DO AMARANTE,Falta de atenção,Colisão Transversal,Com Vítimas Feridas,Pleno dia,Crescente,Ceu Claro,Dupla,Cruzamento,Urbano,2007,2,0,0,1,1,0,1,2
189355,04/02/2007,Domingo,20:20:00,RN,101,84.5,SAO GONCALO DO AMARANTE,Outras,Colisão traseira,Sem Vítimas,Plena noite,Crescente,Ceu Claro,Dupla,Reta,Urbano,2007,3,0,0,0,3,0,0,3
189453,08/02/2007,Quinta,16:30:00,RN,101,95.3,NATAL,Não guardar distância de segurança,Colisão traseira,Sem Vítimas,Pleno dia,Decrescente,Ceu Claro,Dupla,Reta,Urbano,2007,2,0,0,0,2,0,0,2
189493,08/02/2007,Quinta,16:00:00,RN,101,95.3,NATAL,Outras,Capotamento,Com Vítimas Feridas,Pleno dia,Decrescente,Ceu Claro,Múltipla,Reta,Urbano,2007,2,0,1,0,1,0,1,2
189496,04/02/2007,Domingo,12:15:00,RN,101,100.0,NATAL,Falta de atenção,Colisão lateral,Sem Vítimas,Pleno dia,Decrescente,Ceu Claro,Dupla,Reta,Urbano,2007,2,0,0,0,2,0,0,2
189513,13/01/2007,Sábado,20:35:00,RN,101,84.7,NATAL,Outras,Colisão lateral,Sem Vítimas,Pleno dia,Crescente,Ceu Claro,Simples,Curva,Urbano,2007,3,0,0,0,3,0,0,2
189556,08/02/2007,Quinta,07:45:00,RN,101,94.1,NATAL,Outras,Colisão traseira,Com Vítimas Feridas,Pleno dia,Decrescente,Chuva,Dupla,Reta,Urbano,2007,5,0,1,0,4,0,1,4
189561,04/02/2007,Domingo,16:00:00,RN,101,83.0,SAO GONCALO DO AMARANTE,Ingestão de álcool,Colisão traseira,Sem Vítimas,Pleno dia,Crescente,Ceu Claro,Dupla,Cruzamento,Urbano,2007,2,0,0,0,2,0,0,2
189604,05/02/2007,Segunda,11:50:00,RN,101,97.1,NATAL,Falta de atenção,Colisão traseira,Sem Vítimas,Pleno dia,Decrescente,Ceu Claro,Dupla,Reta,Urbano,2007,2,0,0,0,2,0,0,2
189685,09/02/2007,Sexta,00:15:00,RN,101,95.5,NATAL,Falta de atenção,Colisão traseira,Sem Vítimas,Plena noite,Crescente,Nublado,Múltipla,Reta,Urbano,2007,2,0,0,0,2,0,0,2
189725,07/02/2007,Quarta,11:00:00,RN,101,103.3,PARNAMIRIM,Outras,Atropelamento de pessoa,Com Vítimas Feridas,Pleno dia,Crescente,Ceu Claro,Dupla,Reta,Urbano,2007,2,0,1,0,1,0,1,1
189928,05/02/2007,Segunda,16:30:00,RN,101,94.5,NATAL,Outras,Colisão traseira,Sem Vítimas,Pleno dia,Decrescente,Ceu Claro,Múltipla,Reta,Urbano,2007,2,0,0,0,2,0,0,2
189984,09/02/2007,Sexta,19:15:00,RN,304,266.4,SAO PEDRO,Animais na Pista,Atropelamento de animal,Sem Vítimas,Plena noite,Crescente,Ceu Claro,Simples,Reta,Rural,2007,1,0,0,0,1,0,0,1
190060,09/02/2007,Sexta,16:00:00,RN,304,39.9,MOSSORO,Desobediência à sinalização,Colisão Transversal,Sem Vítimas,Pleno dia,Decrescente,Ceu Claro,Simples,Cruzamento,Urbano,2007,2,0,0,0,2,0,0,2
190084,10/02/2007,Sábado,10:40:00,RN,110,48.7,MOSSORO,Desobediência à sinalização,Colisão Transversal,Sem Vítimas,Pleno dia,Crescente,Ceu Claro,Dupla,Cruzamento,Urbano,2007,2,0,0,0,2,0,0,2
190140,06/02/2007,Terça,08:05:00,RN,101,97.0,NATAL,Falta de atenção,Colisão traseira,Sem Vítimas,Pleno dia,Decrescente,Sol,Dupla,Reta,Urbano,2007,2,0,0,0,1,1,0,2
190141,10/02/2007,Sábado,10:10:00,RN,101,95.4,NATAL,Outras,Colisão lateral,Sem Vítimas,Pleno dia,Crescente,Ceu Claro,Simples,Reta,Urbano,2007,2,0,0,0,2,0,0,2
190153,10/02/2007,Sábado,15:30:00,RN,226,83.3,TANGARA,Falta de atenção,Colisão Transversal,Sem Vítimas,Pleno dia,Decrescente,Ceu Claro,Simples,Reta,Urbano,2007,2,0,0,0,2,0,0,2
190167,10/02/2007,Sábado,09:25:00,RN,101,104.0,PARNAMIRIM,Falta de atenção,Colisão traseira,Sem Vítimas,Pleno dia,Crescente,Sol,Dupla,Reta,Urbano,2007,2,0,0,0,2,0,0,2
190225,10/02/2007,Sábado,16:00:00,RN,304,82.3,MOSSORO,Defeito mecânico em veículo,Saída de Pista,Sem Vítimas,Pleno dia,Decrescente,Ceu Claro,Simples,Reta,Rural,2007,1,0,0,0,1,0,0,1
190249,06/02/2007,Terça,09:30:00,RN,101,85.4,SAO GONCALO DO AMARANTE,Falta de atenção,Colisão traseira,Sem Vítimas,Pleno dia,Crescente,Sol,Dupla,Reta,Urbano,2007,3,0,0,0,3,0,0,3
190423,11/02/2007,Domingo,07:40:00,RN,406,161.2,CEARA-MIRIM,Falta de atenção,Colisão traseira,Sem Vítimas,Pleno dia,Crescente,Ceu Claro,Simples,Reta,Rural,2007,2,0,0,0,2,0,0,2
190791,10/02/2007,Sábado,02:00:00,RN,226,149.2,CURRAIS NOVOS,Outras,Capotamento,Com Vítimas Feridas,Plena noite,Decrescente,Ceu Claro,Simples,Reta,Rural,2007,2,0,2,0,0,0,2,1
190845,12/02/2007,Segunda,08:00:00,RN,110,21.0,AREIA BRANCA,Outras,Saída de Pista,Sem Vítimas,Pleno dia,Decrescente,Sol,Simples,Reta,Rural,2007,1,0,0,0,1,0,0,1
190905,12/02/2007,Segunda,09:10:00,RN,101,82.0,NATAL,Defeito mecânico em veículo,Colisão traseira,Sem Vítimas,Pleno dia,Decrescente,Ceu Claro,Dupla,Reta,Urbano,2007,2,0,0,0,2,0,0,2
190933,12/02/2007,Segunda,07:00:00,RN,101,84.0,NATAL,Falta de atenção,Colisão lateral,Sem Vítimas,Pleno dia,Crescente,Ceu Claro,Dupla,Cruzamento,Urbano,2007,2,0,0,0,2,0,0,2
190936,08/02/2007,Quinta,16:40:00,RN,101,103.8,PARNAMIRIM,Não guardar distância de segurança,Colisão traseira,Com Vítimas Feridas,Pleno dia,Crescente,Ceu Claro,Dupla,Reta,Urbano,2007,3,0,2,0,1,0,2,2
190988,09/02/2007,Sexta,13:00:00,RN,101,82.9,NATAL,Outras,Colisão Transversal,Com Vítimas Feridas,Pleno dia,Crescente,Sol,Dupla,Cruzamento,Urbano,2007,3,0,1,0,2,0,1,2
191080,08/02/2007,Quinta,12:05:00,RN,101,102.8,PARNAMIRIM,Falta de atenção,Colisão lateral,Sem Vítimas,Pleno dia,Decrescente,Ceu Claro,Dupla,Cruzamento,Urbano,2007,2,0,0,0,2,0,0,2
191101,12/02/2007,Segunda,17:00:00,RN,110,47.5,MOSSORO,Falta de atenção,Colisão Transversal,Sem Vítimas,Pleno dia,Crescente,Ceu Claro,Simples,Cruzamento,Urbano,2007,2,0,0,0,2,0,0,2
191187,12/02/2007,Segunda,10:00:00,RN,101,82.6,SAO GONCALO DO AMARANTE,Falta de atenção,Colisão traseira,Sem Vítimas,Pleno dia,Crescente,Sol,Dupla,Reta,Urbano,2007,2,0,0,0,2,0,0,2
191270,29/01/2007,Segunda,00:10:00,RN,304,194.2,LAJES,Animais na Pista,Atropelamento de animal,Com Vítimas Feridas,Plena noite,Decrescente,Ceu Claro,Simples,Reta,Urbano,2007,1,0,1,0,0,0,1,1
191283,01/02/2007,Quinta,18:40:00,RN,304,195.4,LAJES,Animais na Pista,Atropelamento de animal,Sem Vítimas,Plena noite,Decrescente,Ceu Claro,Simples,Reta,Rural,2007,1,0,0,0,1,0,0,1
191286,12/02/2007,Segunda,12:00:00,RN,304,24.3,MOSSORO,Outras,Tombamento,Com Vítimas Feridas,Pleno dia,Decrescente,Ceu Claro,Simples,Curva,Rural,2007,1,0,1,0,0,0,1,1
191374,09/02/2007,Sexta,21:20:00,RN,101,84.9,NATAL,Não guardar distância de segurança,Colisão traseira,Sem Vítimas,Plena noite,Decrescente,Ceu Claro,Dupla,Reta,Urbano,2007,2,0,0,0,2,0,0,2
191501,12/02/2007,Segunda,16:20:00,RN,304,47.5,MOSSORO,Desobediência à sinalização,Colisão Transversal,Sem Vítimas,Pleno dia,Decrescente,Sol,Simples,Cruzamento,Urbano,2007,2,0,0,0,2,0,0,2
191556,13/02/2007,Terça,12:50:00,RN,110,47.5,MOSSORO,Outras,Colisão Transversal,Com Vítimas Feridas,Plena noite,Decrescente,Ceu Claro,Simples,Cruzamento,Urbano,2007,2,0,1,1,0,0,2,2
191584,13/02/2007,Terça,11:20:00,RN,304,291.9,MACAIBA,Ultrapassagem indevida,Capotamento,Com Vítimas Feridas,Pleno dia,Crescente,Ceu Claro,Simples,Reta,Rural,2007,3,0,1,0,1,1,1,2
191593,13/02/2007,Terça,14:00:00,RN,405,103.5,APODI,Outras,Colisão frontal,Com Vítimas Feridas,Pleno dia,Decrescente,Ceu Claro,Simples,Reta,Rural,2007,5,0,3,1,1,0,4,2
191653,09/02/2007,Sexta,12:30:00,RN,101,147.6,GOIANINHA,Não guardar distância de segurança,Colisão traseira,Sem Vítimas,Pleno dia,Decrescente,Ceu Claro,Simples,Reta,Urbano,2007,2,0,0,0,2,0,0,2
191669,13/02/2007,Terça,14:20:00,RN,101,97.1,NATAL,Falta de atenção,Colisão traseira,Sem Vítimas,Pleno dia,Decrescente,Sol,Dupla,Cruzamento,Urbano,2007,2,0,0,0,2,0,0,2
191840,10/02/2007,Sábado,22:30:00,RN,101,83.0,SAO GONCALO DO AMARANTE,Desobediência à sinalização,Colisão lateral,Sem Vítimas,Plena noite,Crescente,Ceu Claro,Dupla,Reta,Urbano,2007,2,0,0,0,2,0,0,2
191868,10/02/2007,Sábado,22:45:00,RN,101,96.7,NATAL,Falta de atenção,Colisão traseira,Sem Vítimas,Plena noite,Crescente,Ceu Claro,Simples,Curva,Urbano,2007,2,0,0,0,2,0,0,2
191908,14/02/2007,Quarta,14:00:00,RN,304,245.9,RIACHUELO,Outras,Capotamento,Com Vítimas Feridas,Pleno dia,Decrescente,Nublado,Simples,Reta,Rural,2007,2,0,1,1,0,0,2,1
191939,14/02/2007,Quarta,13:30:00,RN,304,98.1,ASSU,Animais na Pista,Atropelamento de animal,Sem Vítimas,Pleno dia,Decrescente,Nublado,Simples,Reta,Rural,2007,1,0,0,0,1,0,0,1
191963,30/01/2007,Terça,04:40:00,RN,406,123.0,TAIPU,Defeito mecânico em veículo,Colisão frontal,Sem Vítimas,Amanhecer,Crescente,Ceu Claro,Simples,Reta,Rural,2007,2,0,0,0,2,0,0,2
192106,14/02/2007,Quarta,18:50:00,RN,304,9.8,MOSSORO,Animais na Pista,Atropelamento de animal,Sem Vítimas,Plena noite,Crescente,Ceu Claro,Simples,Reta,Rural,2007,1,0,0,0,1,0,0,1
192155,11/02/2007,Domingo,22:30:00,RN,304,297.9,MACAIBA,Falta de atenção,Capotamento,Com Vítimas Fatais,Plena noite,Decrescente,Ceu Claro,Dupla,Curva,Urbano,2007,4,1,3,0,0,0,3,1
192208,14/02/2007,Quarta,15:40:00,RN,304,215.9,CAICARA DO RIO DO VENTO,Ultrapassagem indevida,Capotamento,Com Vítimas Feridas,Pleno dia,Decrescente,Nublado,Simples,Reta,Rural,2007,1,0,1,0,0,0,1,1
192278,15/02/2007,Quinta,08:30:00,RN,304,35.0,MOSSORO,Desobediência à sinalização,Colisão lateral,Sem Vítimas,Pleno dia,Decrescente,Nublado,Simples,Cruzamento,Urbano,2007,2,0,0,0,2,0,0,2
192294,15/02/2007,Quinta,10:30:00,RN,110,47.6,MOSSORO,Animais na Pista,Atropelamento de animal,Com Vítimas Feridas,Pleno dia,Crescente,Ceu Claro,Simples,Reta,Urbano,2007,2,0,2,0,0,0,2,1
192301,08/02/2007,Quinta,06:15:00,RN,427,102.7,CAICO,Desobediência à sinalização,Tombamento,Com Vítimas Feridas,Pleno dia,Decrescente,Ceu Claro,Simples,Reta,Rural,2007,2,0,1,0,1,0,1,2
192306,11/02/2007,Domingo,06:30:00,RN,101,96.4,NATAL,Outras,Colisão com objeto fixo,Com Vítimas Feridas,Amanhecer,Crescente,Ceu Claro,Simples,Curva,Urbano,2007,1,0,1,0,0,0,1,1
192395,11/02/2007,Domingo,07:30:00,RN,226,41.3,MACAIBA,Outras,Colisão lateral,Com Vítimas Feridas,Pleno dia,Decrescente,Sol,Simples,Reta,Rural,2007,2,0,1,0,1,0,1,2
192407,15/02/2007,Quinta,16:15:00,RN,101,85.6,NATAL,Não guardar distância de segurança,Colisão traseira,Sem Vítimas,Pleno dia,Crescente,Nublado,Dupla,Reta,Urbano,2007,3,0,0,0,3,0,0,3
192422,15/02/2007,Quinta,14:40:00,RN,101,85.3,NATAL,Defeito mecânico em veículo,Colisão lateral,Sem Vítimas,Pleno dia,Crescente,Nublado,Dupla,Reta,Urbano,2007,2,0,0,0,2,0,0,2
192440,15/02/2007,Quinta,16:10:00,RN,101,85.7,NATAL,Não guardar distância de segurança,Colisão traseira,Sem Vítimas,Pleno dia,Crescente,Nublado,Dupla,Reta,Urbano,2007,1,0,0,0,1,0,0,1
192520,15/02/2007,Quinta,17:20:00,RN,101,82.2,NATAL,Outras,Atropelamento de pessoa,Com Vítimas Feridas,Anoitecer,Decrescente,Nublado,Dupla,Reta,Urbano,2007,2,0,1,0,1,0,1,1
192530,11/02/2007,Domingo,17:30:00,RN,427,79.5,CAICO,Dormindo,Saída de Pista,Sem Vítimas,Pleno dia,Crescente,Ceu Claro,Simples,Curva,Rural,2007,1,0,0,0,1,0,0,1
192532,15/02/2007,Quinta,15:00:00,RN,101,94.1,NATAL,Não guardar distância de segurança,Colisão traseira,Sem Vítimas,Pleno dia,Crescente,Chuva,Simples,Curva,Urbano,2007,2,0,0,0,2,0,0,2
192627,14/02/2007,Quarta,14:30:00,RN,427,22.1,ACARI,Falta de atenção,Capotamento,Com Vítimas Feridas,Pleno dia,Crescente,Chuva,Simples,Curva,Rural,2007,2,0,2,0,0,0,2,1
192695,14/02/2007,Quarta,19:00:00,RN,427,95.5,CAICO,Outras,Colisão traseira,Com Vítimas Feridas,Plena noite,Decrescente,Chuva,Simples,Reta,Rural,2007,2,0,1,0,1,0,1,2
192938,16/02/2007,Sexta,18:00:00,RN,101,57.0,CEARA-MIRIM,Falta de atenção,Colisão Transversal,Com Vítimas Fatais,Plena noite,Decrescente,Ceu Claro,Simples,Cruzamento,Urbano,2007,3,2,0,0,1,0,0,2
192953,17/01/2007,Quarta,08:20:00,RN,101,97.1,NATAL,Outras,Colisão traseira,Sem Vítimas,Pleno dia,Decrescente,Chuva,Múltipla,Reta,Urbano,2007,2,0,0,0,2,0,0,2
192993,16/02/2007,Sexta,19:30:00,RN,226,8.0,MACAIBA,Animais na Pista,Atropelamento de animal,Sem Vítimas,Plena noite,Decrescente,Ceu Claro,Simples,Reta,Urbano,2007,1,0,0,0,1,0,0,1
192995,12/02/2007,Segunda,17:10:00,RN,406,159.4,CEARA-MIRIM,Falta de atenção,Colisão traseira,Sem Vítimas,Pleno dia,Decrescente,Ceu Claro,Simples,Reta,Rural,2007,2,0,0,0,2,0,0,2
193209,17/02/2007,Sábado,10:45:00,RN,101,68.9,EXTREMOZ,Falta de atenção,Colisão lateral,Sem Vítimas,Pleno dia,Decrescente,Sol,Simples,Reta,Rural,2007,2,0,0,0,2,0,0,2
193261,17/02/2007,Sábado,11:50:00,RN,101,51.4,CEARA-MIRIM,Outras,Colisão Transversal,Sem Vítimas,Pleno dia,Crescente,Sol,Simples,Reta,Rural,2007,2,0,0,0,2,0,0,2