id,data_inversa,dia_semana,horario,uf,br,km,municipio,causa_acidente,tipo_acidente,classificacao_acidente,fase_dia,sentido_via,condicao_metereologica,tipo_pista,tracado_via,uso_solo,ano,pessoas,mortos,feridos_leves,feridos_graves,ilesos,ignorados,feridos,veiculos
193280,17/02/2007,Sábado,14:15:00,RN,101,85.5,NATAL,Não guardar distância de segurança,Colisão traseira,Sem Vítimas,Pleno dia,Decrescente,Sol,Dupla,Reta,Urbano,2007,2,0,0,0,2,0,0,2
193404,17/02/2007,Sábado,08:30:00,RN,406,99.8,JOAO CAMARA,Outras,Atropelamento de pessoa,Sem Vítimas,Pleno dia,Crescente,Ceu Claro,Simples,Reta,Urbano,2007,1,0,0,0,1,0,0,1
193421,17/02/2007,Sábado,17:20:00,RN,304,99.8,MOSSORO,Outras,Saída de Pista,Sem Vítimas,Anoitecer,Decrescente,Chuva,Simples,Curva,Rural,2007,1,0,0,0,1,0,0,1
193482,17/02/2007,Sábado,21:10:00,RN,101,101.8,PARNAMIRIM,Desobediência à sinalização,Colisão Transversal,Sem Vítimas,Plena noite,Crescente,Ceu Claro,Dupla,Cruzamento,Urbano,2007,2,0,0,0,2,0,0,2
193559,18/02/2007,Domingo,00:50:00,RN,101,72.1,EXTREMOZ,Outras,Colisão Transversal,Com Vítimas Fatais,Plena noite,Decrescente,Ceu Claro,Simples,Curva,Rural,2007,5,1,4,0,0,0,4,2
193800,18/02/2007,Domingo,18:10:00,RN,304,42.8,MOSSORO,Falta de atenção,Colisão Transversal,Com Vítimas Fatais,Plena noite,Decrescente,Ceu Claro,Simples,Reta,Rural,2007,1,1,0,0,0,0,0,1
193845,18/02/2007,Domingo,10:25:00,RN,101,100.4,NATAL,Outras,Saída de Pista,Com Vítimas Feridas,Pleno dia,Decrescente,Chuva,Dupla,Curva,Urbano,2007,2,0,2,0,0,0,2,1
193878,18/02/2007,Domingo,10:58:00,RN,101,74.7,EXTREMOZ,Falta de atenção,Colisão traseira,Sem Vítimas,Pleno dia,Decrescente,Nublado,Simples,Reta,Rural,2007,2,0,0,0,2,0,0,2
193889,18/02/2007,Domingo,15:35:00,RN,110,46.9,MOSSORO,Falta de atenção,Tombamento,Com Vítimas Feridas,Pleno dia,Crescente,Ceu Claro,Simples,Cruzamento,Urbano,2007,1,0,1,0,0,0,1,1
193896,18/02/2007,Domingo,18:20:00,RN,101,116.4,SAO JOSE DE MIPIBU,Outras,Colisão Transversal,Sem Vítimas,Plena noite,Crescente,Ceu Claro,Simples,Cruzamento,Rural,2007,2,0,0,0,2,0,0,2
193915,14/02/2007,Quarta,09:24:00,RN,101,97.0,NATAL,Falta de atenção,Colisão Transversal,Sem Vítimas,Pleno dia,Crescente,Sol,Dupla,Reta,Urbano,2007,2,0,0,0,2,0,0,2
193968,16/02/2007,Sexta,04:30:00,RN,304,300.8,MACAIBA,Defeito na via,Tombamento,Com Vítimas Feridas,Amanhecer,Decrescente,Ceu Claro,Dupla,Reta,Rural,2007,1,0,1,0,0,0,1,1
194069,17/02/2007,Sábado,20:40:00,RN,101,25.2,RIO DO FOGO,Outras,Colisão traseira,Com Vítimas Feridas,Plena noite,Crescente,Ceu Claro,Simples,Reta,Rural,2007,2,0,0,1,0,1,1,2
194101,19/02/2007,Segunda,10:45:00,RN,101,46.6,CEARA-MIRIM,Não guardar distância de segurança,Colisão traseira,Sem Vítimas,Pleno dia,Decrescente,Chuva,Simples,Reta,Rural,2007,3,0,0,0,3,0,0,3
194194,15/02/2007,Quinta,16:40:00,RN,226,108.0,SANTA CRUZ,Ingestão de álcool,Colisão traseira,Com Vítimas Fatais,Plena noite,Decrescente,Ceu Claro,Simples,Curva,Rural,2007,1,1,0,0,0,0,0,1
194238,16/02/2007,Sexta,18:30:00,RN,304,226.2,CAICARA DO RIO DO VENTO,Animais na Pista,Atropelamento de animal,Sem Vítimas,Plena noite,Decrescente,Ceu Claro,Simples,Reta,Rural,2007,1,0,0,0,1,0,0,1
194243,19/02/2007,Segunda,19:00:00,RN,226,5.0,NATAL,Ingestão de álcool,Colisão lateral,Com Vítimas Feridas,Plena noite,Crescente,Ceu Claro,Simples,Reta,Rural,2007,2,0,0,1,0,1,1,2
194245,19/02/2007,Segunda,19:10:00,RN,110,45.0,MOSSORO,Outras,Colisão Transversal,Com Vítimas Feridas,Plena noite,Crescente,Nublado,Simples,Reta,Urbano,2007,3,0,2,1,0,0,3,2
194270,15/02/2007,Quinta,23:15:00,RN,101,97.0,NATAL,Outras,Colisão Transversal,Sem Vítimas,Plena noite,Crescente,Nublado,Dupla,Reta,Urbano,2007,2,0,0,0,2,0,0,2
194383,16/02/2007,Sexta,12:20:00,RN,101,96.9,NATAL,Não guardar distância de segurança,Colisão traseira,Sem Vítimas,Pleno dia,Crescente,Sol,Múltipla,Reta,Urbano,2007,4,0,0,0,4,0,0,4
194419,16/02/2007,Sexta,02:00:00,RN,304,157.2,ANGICOS,Outras,Colisão lateral,Sem Vítimas,Plena noite,Crescente,Ceu Claro,Simples,Curva,Urbano,2007,2,0,0,0,2,0,0,2
194616,16/02/2007,Sexta,15:20:00,RN,101,99.9,PARNAMIRIM,Falta de atenção,Colisão traseira,Sem Vítimas,Pleno dia,Decrescente,Ceu Claro,Dupla,Reta,Urbano,2007,2,0,0,0,2,0,0,2
194671,27/01/2007,Sábado,20:05:00,RN,101,84.3,NATAL,Não guardar distância de segurança,Colisão traseira,Sem Vítimas,Plena noite,Decrescente,Ceu Claro,Dupla,Reta,Urbano,2007,2,0,0,0,2,0,0,2
194694,20/02/2007,Terça,16:30:00,RN,101,67.8,EXTREMOZ,Ingestão de álcool,Colisão traseira,Sem Vítimas,Pleno dia,Crescente,Ceu Claro,Simples,Reta,Rural,2007,3,0,0,0,3,0,0,3
194802,13/02/2007,Terça,16:20:00,RN,101,96.4,NATAL,Falta de atenção,Colisão traseira,Com Vítimas Feridas,Pleno dia,Crescente,Ceu Claro,Simples,Curva,Urbano,2007,2,0,1,0,1,0,1,2
194828,17/02/2007,Sábado,11:50:00,RN,427,26.5,ACARI,Falta de atenção,Colisão Transversal,Sem Vítimas,Pleno dia,Crescente,Sol,Simples,Reta,Urbano,2007,2,0,0,0,2,0,0,2
194833,17/02/2007,Sábado,19:40:00,RN,101,26.0,RIO DO FOGO,Ingestão de álcool,Colisão frontal,Com Vítimas Feridas,Plena noite,Crescente,Ceu Claro,Simples,Reta,Rural,2007,3,0,0,2,1,0,2,2
194896,21/02/2007,Quarta,11:00:00,RN,304,71.2,MOSSORO,Outras,Saída de Pista,Com Vítimas Feridas,Pleno dia,Decrescente,Ceu Claro,Simples,Reta,Rural,2007,2,0,1,0,1,0,1,1
194920,21/02/2007,Quarta,13:40:00,RN,406,151.6,CEARA-MIRIM,Falta de atenção,Colisão Transversal,Sem Vítimas,Pleno dia,Crescente,Ceu Claro,Simples,Reta,Urbano,2007,2,0,0,0,2,0,0,2
195006,21/02/2007,Quarta,16:15:00,RN,406,151.9,CEARA-MIRIM,Não guardar distância de segurança,Colisão lateral,Sem Vítimas,Pleno dia,Crescente,Sol,Simples,Reta,Urbano,2007,2,0,0,0,2,0,0,2
195042,21/02/2007,Quarta,10:30:00,RN,304,33.9,MOSSORO,Não guardar distância de segurança,Colisão traseira,Sem Vítimas,Pleno dia,Crescente,Sol,Simples,Reta,Urbano,2007,2,0,0,0,2,0,0,2
195063,21/02/2007,Quarta,16:00:00,RN,101,107.3,PARNAMIRIM,Falta de atenção,Colisão traseira,Sem Vítimas,Pleno dia,Decrescente,Ceu Claro,Dupla,Cruzamento,Urbano,2007,2,0,0,0,2,0,0,2
195114,19/02/2007,Segunda,17:10:00,RN,101,68.9,EXTREMOZ,Falta de atenção,Colisão Transversal,Com Vítimas Feridas,Pleno dia,Crescente,Ceu Claro,Simples,Reta,Urbano,2007,3,0,1,0,2,0,1,2
195159,20/02/2007,Terça,23:50:00,RN,304,281.7,MACAIBA,Outras,Colisão traseira,Com Vítimas Feridas,Plena noite,Crescente,Ceu Claro,Simples,Reta,Rural,2007,3,0,2,0,0,1,2,2
195220,21/02/2007,Quarta,14:25:00,RN,101,72.9,EXTREMOZ,Não guardar distância de segurança,Colisão traseira,Sem Vítimas,Pleno dia,Crescente,Sol,Simples,Reta,Rural,2007,2,0,0,0,2,0,0,2
195233,21/02/2007,Quarta,08:40:00,RN,405,17.9,MOSSORO,Falta de atenção,Colisão com bicicleta,Com Vítimas Fatais,Pleno dia,Crescente,Sol,Simples,Reta,Rural,2007,2,1,0,0,0,1,0,1
195268,21/02/2007,Quarta,20:50:00,RN,304,55.7,MOSSORO,Falta de atenção,Colisão traseira,Sem Vítimas,Plena noite,Decrescente,Ceu Claro,Simples,Reta,Rural,2007,2,0,0,0,2,0,0,2
195279,21/02/2007,Quarta,17:30:00,RN,427,25.9,ACARI,Outras,Saída de Pista,Com Vítimas Feridas,Anoitecer,Crescente,Chuva,Simples,Curva,Rural,2007,1,0,1,0,0,0,1,1
195330,19/02/2007,Segunda,12:40:00,RN,101,82.9,NATAL,Falta de atenção,Colisão lateral,Sem Vítimas,Pleno dia,Decrescente,Ceu Claro,Dupla,Reta,Urbano,2007,2,0,0,0,2,0,0,2
195331,10/02/2007,Sábado,21:05:00,RN,101,68.9,CEARA-MIRIM,Outras,Saída de Pista,Com Vítimas Feridas,Plena noite,Decrescente,Ceu Claro,Simples,Reta,Rural,2007,2,0,0,1,1,0,1,1
195412,18/02/2007,Domingo,11:00:00,RN,101,72.5,EXTREMOZ,Falta de atenção,Colisão traseira,Sem Vítimas,Pleno dia,Decrescente,Chuva,Simples,Reta,Rural,2007,2,0,0,0,2,0,0,2
195424,19/02/2007,Segunda,17:15:00,RN,427,87.2,CAICO,Outras,Colisão lateral,Sem Vítimas,Pleno dia,Crescente,Chuva,Simples,Curva,Rural,2007,2,0,0,0,2,0,0,2
195451,22/02/2007,Quinta,08:00:00,RN,101,97.1,NATAL,Não guardar distância de segurança,Colisão traseira,Sem Vítimas,Pleno dia,Decrescente,Sol,Simples,Reta,Urbano,2007,2,0,0,0,2,0,0,2
195489,19/02/2007,Segunda,01:30:00,RN,101,84.5,SAO GONCALO DO AMARANTE,Falta de atenção,Colisão com objeto fixo,Com Vítimas Feridas,Plena noite,Crescente,Nublado,Simples,Reta,Urbano,2007,1,0,1,0,0,0,1,1
195534,19/02/2007,Segunda,04:00:00,RN,101,46.8,MAXARANGUAPE,Defeito mecânico em veículo,Capotamento,Com Vítimas Feridas,Amanhecer,Decrescente,Nublado,Simples,Reta,Rural,2007,3,0,0,2,1,0,2,1
195560,22/02/2007,Quinta,15:50:00,RN,406,165.2,CEARA-MIRIM,Defeito mecânico em veículo,Saída de Pista,Com Vítimas Feridas,Pleno dia,Decrescente,Ceu Claro,Simples,Reta,Rural,2007,1,0,0,1,0,0,1,1
195574,21/01/2007,Domingo,16:20:00,RN,101,73.5,EXTREMOZ,Outras,Saída de Pista,Com Vítimas Feridas,Pleno dia,Crescente,Ceu Claro,Simples,Reta,Rural,2007,3,0,1,1,1,0,2,1
195627,22/02/2007,Quinta,10:30:00,RN,304,268.8,IELMO MARINHO,Falta de atenção,Saída de Pista,Sem Vítimas,Pleno dia,Decrescente,Sol,Dupla,Curva,Rural,2007,2,0,0,0,2,0,0,2
195644,22/02/2007,Quinta,19:40:00,RN,304,107.4,ASSU,Outras,Colisão traseira,Sem Vítimas,Plena noite,Decrescente,Nublado,Simples,Reta,Rural,2007,1,0,0,0,1,0,0,1
195657,22/02/2007,Quinta,09:15:00,RN,226,11.3,MACAIBA,Outras,Colisão lateral,Com Vítimas Feridas,Pleno dia,Crescente,Sol,Simples,Reta,Urbano,2007,2,0,1,0,1,0,1,2
195764,19/02/2007,Segunda,16:10:00,RN,427,94.4,CAICO,Outras,Colisão frontal,Com Vítimas Fatais,Pleno dia,Crescente,Chuva,Simples,Curva,Rural,2007,8,1,3,4,0,0,7,2
195847,19/02/2007,Segunda,02:00:00,RN,101,39.4,MAXARANGUAPE,Outras,Saída de Pista,Com Vítimas Feridas,Plena noite,Crescente,Ceu Claro,Simples,Curva,Rural,2007,2,0,2,0,0,0,2,1
195870,23/02/2007,Sexta,14:30:00,RN,226,102.9,SANTA CRUZ,Falta de atenção,Colisão Transversal,Sem Vítimas,Pleno dia,Decrescente,Sol,Simples,Reta,Rural,2007,1,0,0,0,1,0,0,1
196015,23/02/2007,Sexta,19:10:00,RN,101,84.2,NATAL,Ingestão de álcool,Colisão lateral,Sem Vítimas,Plena noite,Decrescente,Ceu Claro,Dupla,Reta,Urbano,2007,2,0,0,0,2,0,0,2
196039,23/02/2007,Sexta,19:15:00,RN,101,97.3,NATAL,Falta de atenção,Colisão traseira,Sem Vítimas,Plena noite,Crescente,Ceu Claro,Dupla,Reta,Urbano,2007,2,0,0,0,2,0,0,2
196135,20/02/2007,Terça,21:00:00,RN,110,34.6,AREIA BRANCA,Outras,Tombamento,Com Vítimas Fatais,Plena noite,Crescente,Ceu Claro,Simples,Reta,Rural,2007,2,1,0,0,1,0,0,2
196151,05/01/2007,Sexta,12:30:00,RN,101,147.9,GOIANINHA,Não guardar distância de segurança,Colisão traseira,Sem Vítimas,Pleno dia,Crescente,Ceu Claro,Simples,Reta,Urbano,2007,3,0,0,0,3,0,0,3
196173,21/02/2007,Quarta,13:30:00,RN,427,18.1,ACARI,Defeito mecânico em veículo,Colisão com objeto fixo,Sem Vítimas,Pleno dia,Decrescente,Chuva,Simples,Curva,Rural,2007,1,0,0,0,1,0,0,1
196217,24/02/2007,Sábado,08:30:00,RN,101,102.5,PARNAMIRIM,Falta de atenção,Colisão lateral,Sem Vítimas,Pleno dia,Decrescente,Sol,Dupla,Reta,Urbano,2007,2,0,0,0,2,0,0,2
196236,24/02/2007,Sábado,16:00:00,RN,406,158.9,CEARA-MIRIM,Outras,Capotamento,Sem Vítimas,Pleno dia,Decrescente,Ceu Claro,Simples,Reta,Rural,2007,1,0,0,0,1,0,0,1
196259,20/01/2007,Sábado,04:10:00,RN,101,75.0,EXTREMOZ,Outras,Capotamento,Com Vítimas Fatais,Amanhecer,Crescente,Ceu Claro,Simples,Cruzamento,Rural,2007,3,1,1,1,0,0,2,1
196335,24/02/2007,Sábado,12:00:00,RN,226,111.7,SANTA CRUZ,Outras,Colisão lateral,Com Vítimas Feridas,Pleno dia,Crescente,Ceu Claro,Simples,Curva,Urbano,2007,3,0,1,1,1,0,2,2
196396,21/02/2007,Quarta,17:00:00,RN,101,12.4,SAO JOSE DE MIPIBU,Falta de atenção,Colisão traseira,Sem Vítimas,Pleno dia,Decrescente,Ceu Claro,Simples,Reta,Urbano,2007,3,0,0,0,3,0,0,3
196438,24/02/2007,Sábado,23:30:00,RN,304,37.0,MOSSORO,Desobediência à sinalização,Colisão Transversal,Sem Vítimas,Plena noite,Crescente,Ceu Claro,Simples,Reta,Urbano,2007,2,0,0,0,2,0,0,2
196444,18/02/2007,Domingo,09:45:00,RN,101,80.0,NATAL,Falta de atenção,Colisão lateral,Sem Vítimas,Pleno dia,Decrescente,Sol,Dupla,Reta,Urbano,2007,2,0,0,0,2,0,0,2
196530,28/01/2007,Domingo,19:00:00,RN,101,85.6,SAO GONCALO DO AMARANTE,Defeito mecânico em veículo,Colisão traseira,Sem Vítimas,Plena noite,Crescente,Ceu Claro,Dupla,Reta,Urbano,2007,4,0,0,0,4,0,0,4
196553,18/02/2007,Domingo,10:40:00,RN,101,71.2,EXTREMOZ,Falta de atenção,Colisão traseira,Sem Vítimas,Pleno dia,Decrescente,Nublado,Simples,Reta,Rural,2007,3,0,0,0,2,1,0,3
196605,21/02/2007,Quarta,14:00:00,RN,101,104.3,PARNAMIRIM,Não guardar distância de segurança,Colisão traseira,Sem Vítimas,Pleno dia,Crescente,Ceu Claro,Dupla,Reta,Urbano,2007,2,0,0,0,2,0,0,2
196658,25/02/2007,Domingo,20:10:00,RN,101,57.6,CEARA-MIRIM,Desobediência à sinalização,Colisão Transversal,Com Vítimas Feridas,Plena noite,Decrescente,Ceu Claro,Simples,Cruzamento,Rural,2007,3,0,2,1,0,0,3,2
196719,25/02/2007,Domingo,23:10:00,RN,304,46.0,MOSSORO,Animais na Pista,Atropelamento de animal,Sem Vítimas,Plena noite,Crescente,Ceu Claro,Simples,Reta,Rural,2007,2,0,0,0,2,0,0,1
196768,24/02/2007,Sábado,08:40:00,RN,304,178.9,ANGICOS,Falta de atenção,Colisão traseira,Com Vítimas Feridas,Pleno dia,Crescente,Ceu Claro,Simples,Reta,Rural,2007,4,0,3,0,1,0,3,2
196944,26/02/2007,Segunda,11:10:00,RN,101,94.0,NATAL,Falta de atenção,Colisão traseira,Sem Vítimas,Pleno dia,Decrescente,Sol,Simples,Curva,Urbano,2007,4,0,0,0,4,0,0,4
197027,22/02/2007,Quinta,08:00:00,RN,101,95.3,NATAL,Outras,Colisão traseira,Com Vítimas Feridas,Pleno dia,Crescente,Ceu Claro,Múltipla,Reta,Urbano,2007,2,0,1,0,1,0,1,2
197029,26/02/2007,Segunda,06:45:00,RN,101,84.8,SAO GONCALO DO AMARANTE,Outras,Colisão lateral,Sem Vítimas,Pleno dia,Crescente,Sol,Múltipla,Reta,Urbano,2007,2,0,0,0,2,0,0,2
197038,17/02/2007,Sábado,16:00:00,RN,304,189.3,LAJES,Ultrapassagem indevida,Saída de Pista,Sem Vítimas,Pleno dia,Crescente,Chuva,Simples,Reta,Rural,2007,1,0,0,0,1,0,0,1
197041,22/02/2007,Quinta,18:00:00,RN,101,101.8,PARNAMIRIM,Desobediência à sinalização,Colisão Transversal,Com Vítimas Feridas,Plena noite,Crescente,Chuva,Dupla,Cruzamento,Urbano,2007,3,0,2,0,1,0,2,2
197052,29/01/2007,Segunda,17:20:00,RN,101,68.9,EXTREMOZ,Desobediência à sinalização,Colisão frontal,Sem Vítimas,Pleno dia,Crescente,Ceu Claro,Simples,Cruzamento,Rural,2007,2,0,0,0,2,0,0,2
197060,26/02/2007,Segunda,19:30:00,RN,101,108.6,PARNAMIRIM,Outras,Colisão lateral,Sem Vítimas,Plena noite,Crescente,Ignorada,Dupla,Curva,Urbano,2007,2,0,0,0,2,0,0,2
197162,11/01/2007,Quinta,20:30:00,RN,101,81.8,SAO GONCALO DO AMARANTE,Falta de atenção,Colisão lateral,Sem Vítimas,Plena noite,Crescente,Ceu Claro,Dupla,Reta,Urbano,2007,2,0,0,0,2,0,0,2
197201,23/02/2007,Sexta,22:10:00,RN,101,98.0,NATAL,Não guardar distância de segurança,Colisão traseira,Sem Vítimas,Plena noite,Decrescente,Ceu Claro,Simples,Curva,Urbano,2007,2,0,0,0,2,0,0,2
197222,27/02/2007,Terça,06:50:00,RN,406,163.8,SAO GONCALO DO AMARANTE,Não guardar distância de segurança,Colisão traseira,Sem Vítimas,Pleno dia,Crescente,Ceu Claro,Simples,Reta,Rural,2007,4,0,0,0,4,0,0,4
197411,25/02/2007,Domingo,18:20:00,RN,304,301.5,MACAIBA,Falta de atenção,Colisão lateral,Com Vítimas Feridas,Plena noite,Crescente,Ignorada,Dupla,Reta,Rural,2007,4,0,1,1,1,1,2,2
197472,16/02/2007,Sexta,14:15:00,RN,304,177.6,FERNANDO PEDROZA,Outras,Saída de Pista,Sem Vítimas,Pleno dia,Crescente,Ceu Claro,Simples,Reta,Rural,2007,1,0,0,0,1,0,0,1
197486,27/02/2007,Terça,14:00:00,RN,101,95.5,NATAL,Falta de atenção,Colisão lateral,Sem Vítimas,Plena noite,Decrescente,Sol,Dupla,Reta,Urbano,2007,2,0,0,0,2,0,0,2
197540,27/02/2007,Terça,18:30:00,RN,101,97.9,NATAL,Falta de atenção,Colisão traseira,Sem Vítimas,Plena noite,Crescente,Ceu Claro,Dupla,Reta,Urbano,2007,3,0,0,0,3,0,0,3
197642,13/02/2007,Terça,07:00:00,RN,304,231.9,RIACHUELO,Falta de atenção,Capotamento,Com Vítimas Feridas,Pleno dia,Crescente,Ceu Claro,Simples,Reta,Rural,2007,2,0,2,0,0,0,2,1
197727,28/02/2007,Quarta,13:15:00,RN,101,83.0,NATAL,Não guardar distância de segurança,Colisão traseira,Sem Vítimas,Plena noite,Decrescente,Ceu Claro,Dupla,Reta,Urbano,2007,2,0,0,0,2,0,0,2
197801,28/02/2007,Quarta,07:20:00,RN,304,48.3,MOSSORO,Falta de atenção,Colisão Transversal,Sem Vítimas,Pleno dia,Decrescente,Ceu Claro,Simples,Reta,Urbano,2007,2,0,0,0,2,0,0,2
198024,01/03/2007,Quinta,08:10:00,RN,101,82.9,SAO GONCALO DO AMARANTE,Falta de atenção,Colisão lateral,Sem Vítimas,Pleno dia,Decrescente,Nublado,Simples,Cruzamento,Urbano,2007,2,0,0,0,2,0,0,2
198060,26/02/2007,Segunda,08:10:00,RN,110,48.3,MOSSORO,Falta de atenção,Atropelamento de pessoa,Com Vítimas Fatais,Pleno dia,Decrescente,Ceu Claro,Múltipla,Reta,Urbano,2007,2,1,0,0,0,1,0,1
198077,01/03/2007,Quinta,07:50:00,RN,101,101.1,PARNAMIRIM,Outras,Colisão traseira,Sem Vítimas,Pleno dia,Crescente,Chuva,Dupla,Reta,Urbano,2007,2,0,0,0,2,0,0,2
198145,01/03/2007,Quinta,14:20:00,RN,101,82.6,SAO GONCALO DO AMARANTE,Defeito mecânico em veículo,Colisão traseira,Sem Vítimas,Pleno dia,Crescente,Sol,Dupla,Reta,Urbano,2007,3,0,0,0,3,0,0,3
198182,01/03/2007,Quinta,14:00:00,RN,101,107.0,PARNAMIRIM,Defeito mecânico em veículo,Colisão traseira,Sem Vítimas,Pleno dia,Crescente,Nublado,Dupla,Cruzamento,Urbano,2007,2,0,0,0,2,0,0,2
198186,01/03/2007,Quinta,08:00:00,RN,101,82.5,NATAL,Outras,Colisão traseira,Sem Vítimas,Pleno dia,Decrescente,Nublado,Dupla,Reta,Urbano,2007,2,0,0,0,2,0,0,2
198219,01/03/2007,Quinta,17:20:00,RN,101,82.1,SAO GONCALO DO AMARANTE,Falta de atenção,Colisão lateral,Com Vítimas Feridas,Pleno dia,Crescente,Ceu Claro,Dupla,Reta,Urbano,2007,3,0,1,0,2,0,1,3
198285,01/03/2007,Quinta,22:10:00,RN,101,99.9,PARNAMIRIM,Ingestão de álcool,Colisão lateral,Sem Vítimas,Plena noite,Decrescente,Nublado,Dupla,Cruzamento,Urbano,2007,3,0,0,0,3,0,0,3
198339,26/02/2007,Segunda,17:00:00,RN,304,223.4,RIACHUELO,Outras,Capotamento,Sem Vítimas,Anoitecer,Crescente,Ceu Claro,Simples,Curva,Rural,2007,3,0,0,0,3,0,0,1
198827,27/02/2007,Terça,22:00:00,RN,226,5.3,MACAIBA,Animais na Pista,Atropelamento de animal,Com Vítimas Feridas,Plena noite,Crescente,Ceu Claro,Simples,Curva,Urbano,2007,2,0,1,1,0,0,2,1
199019,03/03/2007,Sábado,18:30:00,RN,101,109.5,PARNAMIRIM,Animais na Pista,Atropelamento de animal,Sem Vítimas,Plena noite,Decrescente,Ceu Claro,Simples,Reta,Rural,2007,1,0,0,0,1,0,0,1
199131,04/03/2007,Domingo,07:25:00,RN,101,84.9,NATAL,Falta de atenção,Colisão traseira,Sem Vítimas,Pleno dia,Decrescente,Ceu Claro,Dupla,Reta,Urbano,2007,2,0,0,0,2,0,0,2
199140,28/02/2007,Quarta,12:30:00,RN,101,108.7,PARNAMIRIM,Não guardar distância de segurança,Colisão traseira,Sem Vítimas,Pleno dia,Decrescente,Ceu Claro,Simples,Cruzamento,Urbano,2007,2,0,0,0,2,0,0,2
199152,28/02/2007,Quarta,08:30:00,RN,101,147.0,GOIANINHA,Falta de atenção,Colisão Transversal,Com Vítimas Feridas,Pleno dia,Decrescente,Sol,Simples,Reta,Urbano,2007,2,0,1,0,1,0,1,2
199154,28/02/2007,Quarta,18:50:00,RN,101,96.8,NATAL,Não guardar distância de segurança,Colisão traseira,Sem Vítimas,Plena noite,Decrescente,Ceu Claro,Múltipla,Reta,Urbano,2007,3,0,0,0,3,0,0,3
199205,04/03/2007,Domingo,07:40:00,RN,406,168.5,SAO GONCALO DO AMARANTE,Falta de atenção,Colisão lateral,Sem Vítimas,Pleno dia,Crescente,Ceu Claro,Simples,Reta,Rural,2007,2,0,0,0,2,0,0,2
199208,04/03/2007,Domingo,16:15:00,RN,101,107.3,PARNAMIRIM,Não guardar distância de segurança,Colisão traseira,Sem Vítimas,Pleno dia,Decrescente,Sol,Dupla,Cruzamento,Urbano,2007,2,0,0,0,2,0,0,2
199227,04/03/2007,Domingo,17:40:00,RN,101,101.9,PARNAMIRIM,Outras,Colisão lateral,Sem Vítimas,Anoitecer,Decrescente,Ceu Claro,Dupla,Reta,Urbano,2007,2,0,0,0,2,0,0,2
199273,04/03/2007,Domingo,17:30:00,RN,304,34.3,MOSSORO,Falta de atenção,Colisão lateral,Com Vítimas Feridas,Anoitecer,Crescente,Nublado,Simples,Reta,Urbano,2007,2,0,1,0,1,0,1,2
199324,04/03/2007,Domingo,17:55:00,RN,101,99.8,NATAL,Desobediência à sinalização,Colisão frontal,Sem Vítimas,Anoitecer,Decrescente,Ceu Claro,Dupla,Reta,Urbano,2007,2,0,0,0,2,0,0,2
199430,02/03/2007,Sexta,05:50:00,RN,101,80.5,SAO GONCALO DO AMARANTE,Falta de atenção,Colisão traseira,Sem Vítimas,Pleno dia,Crescente,Ceu Claro,Dupla,Reta,Urbano,2007,3,0,0,0,3,0,0,3
199451,05/03/2007,Segunda,08:20:00,RN,101,108.7,PARNAMIRIM,Outras,Colisão Transversal,Com Vítimas Feridas,Pleno dia,Crescente,Ceu Claro,Simples,Cruzamento,Urbano,2007,2,0,1,0,1,0,1,2
199478,01/03/2007,Quinta,10:15:00,RN,101,102.3,PARNAMIRIM,Falta de atenção,Colisão traseira,Sem Vítimas,Pleno dia,Decrescente,Chuva,Múltipla,Reta,Urbano,2007,2,0,0,0,2,0,0,2
199482,01/03/2007,Quinta,10:40:00,RN,101,97.0,NATAL,Falta de atenção,Colisão traseira,Sem Vítimas,Pleno dia,Decrescente,Chuva,Dupla,Reta,Urbano,2007,2,0,0,0,2,0,0,2
199552,01/03/2007,Quinta,06:07:00,RN,101,96.7,NATAL,Falta de atenção,Colisão traseira,Sem Vítimas,Amanhecer,Crescente,Chuva,Dupla,Reta,Urbano,2007,2,0,0,0,2,0,0,2
199590,16/02/2007,Sexta,21:51:00,RN,101,84.1,NATAL,Falta de atenção,Atropelamento de pessoa,Com Vítimas Feridas,Plena noite,Decrescente,Ceu Claro,Dupla,Reta,Urbano,2007,2,0,0,1,1,0,1,1
199622,02/03/2007,Sexta,18:50:00,RN,101,95.3,NATAL,Não guardar distância de segurança,Colisão traseira,Sem Vítimas,Plena noite,Crescente,Ceu Claro,Múltipla,Reta,Urbano,2007,5,0,0,0,5,0,0,5
199627,01/03/2007,Quinta,13:40:00,RN,427,8.5,CURRAIS NOVOS,Outras,Colisão Transversal,Sem Vítimas,Pleno dia,Decrescente,Ceu Claro,Simples,Reta,Rural,2007,2,0,0,0,2,0,0,2
199629,01/03/2007,Quinta,06:26:00,RN,101,96.7,NATAL,Falta de atenção,Colisão traseira,Sem Vítimas,Amanhecer,Crescente,Chuva,Dupla,Reta,Urbano,2007,2,0,0,0,2,0,0,2
199660,05/03/2007,Segunda,15:40:00,RN,110,49.8,MOSSORO,Falta de atenção,Colisão traseira,Com Vítimas Feridas,Pleno dia,Decrescente,Nublado,Simples,Reta,Urbano,2007,2,0,1,0,0,1,1,2
199694,05/03/2007,Segunda,08:40:00,RN,101,98.9,NATAL,Falta de atenção,Colisão traseira,Sem Vítimas,Pleno dia,Crescente,Ceu Claro,Múltipla,Reta,Urbano,2007,2,0,0,0,2,0,0,2