id,data_inversa,dia_semana,horario,uf,br,km,municipio,causa_acidente,tipo_acidente,classificacao_acidente,fase_dia,sentido_via,condicao_metereologica,tipo_pista,tracado_via,uso_solo,ano,pessoas,mortos,feridos_leves,feridos_graves,ilesos,ignorados,feridos,veiculos
199728,01/03/2007,Quinta,08:20:00,RN,101,105.0,PARNAMIRIM,Falta de atenção,Colisão lateral,Sem Vítimas,Pleno dia,Decrescente,Chuva,Dupla,Reta,Urbano,2007,2,0,0,0,2,0,0,2
199765,05/03/2007,Segunda,09:35:00,RN,101,108.7,PARNAMIRIM,Falta de atenção,Colisão traseira,Com Vítimas Feridas,Pleno dia,Decrescente,Ceu Claro,Simples,Cruzamento,Urbano,2007,2,0,1,0,1,0,1,2
199768,05/03/2007,Segunda,17:30:00,RN,304,268.0,SAO PEDRO,Outras,Atropelamento de pessoa,Com Vítimas Feridas,Anoitecer,Crescente,Ceu Claro,Simples,Reta,Rural,2007,2,0,0,1,1,0,1,1
199785,05/03/2007,Segunda,17:40:00,RN,101,146.0,GOIANINHA,Outras,Capotamento,Com Vítimas Feridas,Anoitecer,Decrescente,Ceu Claro,Simples,Reta,Urbano,2007,5,0,3,2,0,0,5,1
199914,06/03/2007,Terça,07:00:00,RN,101,103.3,PARNAMIRIM,Não guardar distância de segurança,Colisão Transversal,Sem Vítimas,Pleno dia,Crescente,Ceu Claro,Múltipla,Reta,Urbano,2007,2,0,0,0,2,0,0,2
199934,02/03/2007,Sexta,21:00:00,RN,101,118.9,SAO JOSE DE MIPIBU,Outras,Colisão traseira,Sem Vítimas,Plena noite,Crescente,Ceu Claro,Simples,Curva,Rural,2007,2,0,0,0,2,0,0,2
199957,02/03/2007,Sexta,17:40:00,RN,101,109.3,PARNAMIRIM,Desobediência à sinalização,Colisão Transversal,Com Vítimas Feridas,Plena noite,Crescente,Ceu Claro,Simples,Reta,Rural,2007,2,0,0,1,1,0,1,2
200067,06/03/2007,Terça,17:40:00,RN,101,97.8,NATAL,Não guardar distância de segurança,Colisão traseira,Sem Vítimas,Anoitecer,Decrescente,Ceu Claro,Múltipla,Reta,Urbano,2007,2,0,0,0,2,0,0,2
200070,06/03/2007,Terça,08:00:00,RN,406,130.7,TAIPU,Não guardar distância de segurança,Colisão traseira,Sem Vítimas,Pleno dia,Decrescente,Ceu Claro,Simples,Reta,Rural,2007,3,0,0,0,3,0,0,3
200116,06/03/2007,Terça,16:40:00,RN,101,99.9,NATAL,Outras,Colisão lateral,Sem Vítimas,Pleno dia,Crescente,Sol,Múltipla,Reta,Urbano,2007,2,0,0,0,2,0,0,2
200166,06/03/2007,Terça,18:15:00,RN,101,95.2,NATAL,Desobediência à sinalização,Colisão Transversal,Sem Vítimas,Plena noite,Crescente,Ceu Claro,Dupla,Reta,Urbano,2007,2,0,0,0,2,0,0,2
200225,06/03/2007,Terça,05:15:00,RN,304,241.0,RIACHUELO,Defeito mecânico em veículo,Saída de Pista,Sem Vítimas,Amanhecer,Crescente,Ceu Claro,Simples,Reta,Rural,2007,1,0,0,0,1,0,0,1
200343,07/03/2007,Quarta,14:00:00,RN,304,37.4,MOSSORO,Falta de atenção,Colisão traseira,Sem Vítimas,Pleno dia,Crescente,Ceu Claro,Simples,Cruzamento,Urbano,2007,2,0,0,0,2,0,0,2
200385,03/03/2007,Sábado,11:50:00,RN,304,304.2,MACAIBA,Ingestão de álcool,Capotamento,Sem Vítimas,Plena noite,Crescente,Ceu Claro,Dupla,Reta,Rural,2007,1,0,0,0,1,0,0,1
200408,04/03/2007,Domingo,06:35:00,RN,101,101.8,PARNAMIRIM,Ingestão de álcool,Colisão traseira,Sem Vítimas,Pleno dia,Decrescente,Ceu Claro,Dupla,Cruzamento,Urbano,2007,3,0,0,0,3,0,0,3
200412,28/02/2007,Quarta,11:30:00,RN,101,96.4,NATAL,Não guardar distância de segurança,Colisão traseira,Sem Vítimas,Pleno dia,Decrescente,Nublado,Dupla,Curva,Urbano,2007,2,0,0,0,1,1,0,2
200448,07/03/2007,Quarta,12:20:00,RN,101,110.4,PARNAMIRIM,Falta de atenção,Colisão traseira,Sem Vítimas,Pleno dia,Decrescente,Ceu Claro,Simples,Reta,Rural,2007,2,0,0,0,2,0,0,2
200485,07/03/2007,Quarta,17:10:00,RN,101,97.9,NATAL,Outras,Colisão lateral,Sem Vítimas,Pleno dia,Decrescente,Ceu Claro,Múltipla,Reta,Urbano,2007,2,0,0,0,2,0,0,2
200577,08/03/2007,Quinta,06:55:00,RN,304,37.4,MOSSORO,Não guardar distância de segurança,Colisão traseira,Sem Vítimas,Pleno dia,Crescente,Sol,Simples,Cruzamento,Urbano,2007,2,0,0,0,2,0,0,2
200647,24/02/2007,Sábado,22:25:00,RN,101,104.4,PARNAMIRIM,Ingestão de álcool,Queda de motocicleta / bicicleta / veículo,Com Vítimas Feridas,Plena noite,Crescente,Ceu Claro,Múltipla,Curva,Urbano,2007,1,0,0,1,0,0,1,1
200649,16/02/2007,Sexta,07:30:00,RN,101,84.8,SAO GONCALO DO AMARANTE,Falta de atenção,Colisão lateral,Com Vítimas Feridas,Plena noite,Crescente,Ceu Claro,Dupla,Reta,Urbano,2007,2,0,1,0,1,0,1,2
200673,04/03/2007,Domingo,23:35:00,RN,101,102.7,PARNAMIRIM,Desobediência à sinalização,Colisão frontal,Sem Vítimas,Plena noite,Crescente,Ceu Claro,Dupla,Reta,Urbano,2007,2,0,0,0,2,0,0,2
200714,28/02/2007,Quarta,17:05:00,RN,405,124.9,SAO FRANCISCO DO OESTE,Falta de atenção,Colisão traseira,Sem Vítimas,Pleno dia,Crescente,Ceu Claro,Simples,Reta,Rural,2007,3,0,0,0,2,1,0,3
200774,08/03/2007,Quinta,18:30:00,RN,101,95.4,PARNAMIRIM,Falta de atenção,Colisão Transversal,Sem Vítimas,Plena noite,Decrescente,Ceu Claro,Dupla,Cruzamento,Urbano,2007,2,0,0,0,2,0,0,2
200783,02/03/2007,Sexta,22:30:00,RN,101,103.7,PARNAMIRIM,Desobediência à sinalização,Colisão frontal,Com Vítimas Feridas,Plena noite,Crescente,Ceu Claro,Simples,Reta,Urbano,2007,2,0,1,1,0,0,2,2
200791,28/02/2007,Quarta,21:00:00,RN,101,96.0,NATAL,Outras,Queda de motocicleta / bicicleta / veículo,Ignorado,Plena noite,Decrescente,Nublado,Dupla,Reta,Urbano,2007,1,0,0,0,0,1,0,1
200847,08/03/2007,Quinta,19:00:00,RN,406,97.8,JOAO CAMARA,Outras,Colisão frontal,Com Vítimas Feridas,Plena noite,Crescente,Ceu Claro,Simples,Reta,Rural,2007,2,0,0,1,1,0,1,2
200849,08/03/2007,Quinta,19:50:00,RN,101,99.0,NATAL,Falta de atenção,Colisão traseira,Sem Vítimas,Plena noite,Crescente,Ceu Claro,Dupla,Cruzamento,Urbano,2007,3,0,0,0,3,0,0,3
200891,05/03/2007,Segunda,06:45:00,RN,101,99.1,NATAL,Falta de atenção,Colisão traseira,Com Vítimas Feridas,Amanhecer,Crescente,Ceu Claro,Dupla,Reta,Urbano,2007,2,0,0,1,1,0,1,2
200925,09/03/2007,Sexta,08:45:00,RN,110,49.5,MOSSORO,Falta de atenção,Colisão lateral,Com Vítimas Feridas,Plena noite,Crescente,Sol,Dupla,Reta,Urbano,2007,2,0,1,0,1,0,1,2
200933,05/03/2007,Segunda,07:40:00,RN,101,98.3,NATAL,Não guardar distância de segurança,Colisão traseira,Sem Vítimas,Pleno dia,Crescente,Ceu Claro,Dupla,Reta,Urbano,2007,2,0,0,0,2,0,0,2
200939,25/02/2007,Domingo,14:30:00,RN,304,221.1,RIACHUELO,Dormindo,Saída de Pista,Com Vítimas Feridas,Pleno dia,Crescente,Ceu Claro,Simples,Reta,Rural,2007,1,0,1,0,0,0,1,1
200947,05/03/2007,Segunda,18:10:00,RN,101,82.2,NATAL,Outras,Atropelamento de pessoa,Com Vítimas Feridas,Plena noite,Decrescente,Ceu Claro,Dupla,Reta,Urbano,2007,2,0,2,0,0,0,2,1
201033,05/03/2007,Segunda,13:00:00,RN,101,101.8,PARNAMIRIM,Outras,Colisão Transversal,Sem Vítimas,Pleno dia,Crescente,Sol,Simples,Reta,Urbano,2007,2,0,0,0,2,0,0,2
201088,02/03/2007,Sexta,04:45:00,RN,304,179.3,LAJES,Animais na Pista,Atropelamento de animal,Com Vítimas Feridas,Plena noite,Crescente,Ceu Claro,Simples,Reta,Rural,2007,3,0,2,1,0,0,3,1
201125,09/03/2007,Sexta,18:20:00,RN,101,125.9,SAO JOSE DE MIPIBU,Ultrapassagem indevida,Colisão lateral,Com Vítimas Feridas,Anoitecer,Crescente,Ceu Claro,Simples,Curva,Urbano,2007,4,0,1,0,3,0,1,3
201207,05/03/2007,Segunda,20:45:00,RN,101,95.2,NATAL,Falta de atenção,Colisão lateral,Sem Vítimas,Plena noite,Crescente,Ceu Claro,Múltipla,Reta,Urbano,2007,2,0,0,0,2,0,0,2
201217,09/03/2007,Sexta,21:30:00,RN,304,92.0,MOSSORO,Falta de atenção,Saída de Pista,Sem Vítimas,Plena noite,Crescente,Chuva,Simples,Reta,Rural,2007,2,0,0,0,2,0,0,1
201317,10/03/2007,Sábado,06:30:00,RN,101,95.3,NATAL,Falta de atenção,Colisão Transversal,Sem Vítimas,Pleno dia,Crescente,Ceu Claro,Múltipla,Reta,Urbano,2007,2,0,0,0,2,0,0,2
201363,10/03/2007,Sábado,12:00:00,RN,101,96.6,NATAL,Não guardar distância de segurança,Colisão traseira,Sem Vítimas,Pleno dia,Decrescente,Ceu Claro,Simples,Reta,Urbano,2007,3,0,0,0,2,1,0,3
201380,10/03/2007,Sábado,12:00:00,RN,101,148.3,GOIANINHA,Outras,Colisão lateral,Sem Vítimas,Pleno dia,Decrescente,Ceu Claro,Simples,Cruzamento,Urbano,2007,3,0,0,0,3,0,0,3
201433,10/03/2007,Sábado,08:28:00,RN,101,95.3,NATAL,Outras,Colisão lateral,Sem Vítimas,Pleno dia,Crescente,Ceu Claro,Dupla,Cruzamento,Urbano,2007,2,0,0,0,2,0,0,2
201465,10/03/2007,Sábado,18:00:00,RN,101,84.2,SAO GONCALO DO AMARANTE,Falta de atenção,Colisão traseira,Sem Vítimas,Plena noite,Crescente,Ceu Claro,Dupla,Reta,Urbano,2007,2,0,0,0,2,0,0,2
201536,10/03/2007,Sábado,16:25:00,RN,226,47.6,BOM JESUS,Outras,Colisão Transversal,Com Vítimas Feridas,Pleno dia,Crescente,Nublado,Simples,Cruzamento,Rural,2007,2,0,1,0,1,0,1,2
201580,10/03/2007,Sábado,19:00:00,RN,405,8.8,MOSSORO,Outras,Colisão com objeto fixo,Sem Vítimas,Plena noite,Decrescente,Nublado,Simples,Reta,Rural,2007,2,0,0,0,2,0,0,2
201607,10/03/2007,Sábado,23:30:00,RN,304,34.4,MOSSORO,Falta de atenção,Colisão lateral,Sem Vítimas,Plena noite,Crescente,Nublado,Simples,Reta,Urbano,2007,2,0,0,0,2,0,0,2
201629,11/03/2007,Domingo,06:50:00,RN,101,96.8,NATAL,Falta de atenção,Atropelamento de pessoa,Com Vítimas Feridas,Pleno dia,Crescente,Chuva,Dupla,Reta,Urbano,2007,2,0,2,0,0,0,2,1
201680,11/03/2007,Domingo,08:55:00,RN,101,68.4,SAO GONCALO DO AMARANTE,Desobediência à sinalização,Colisão lateral,Sem Vítimas,Pleno dia,Crescente,Sol,Simples,Reta,Rural,2007,2,0,0,0,2,0,0,2
201697,11/03/2007,Domingo,06:30:00,RN,406,56.8,JANDAIRA,Dormindo,Capotamento,Com Vítimas Feridas,Pleno dia,Crescente,Ceu Claro,Simples,Reta,Rural,2007,1,0,1,0,0,0,1,1
201841,11/03/2007,Domingo,19:40:00,RN,304,61.5,MOSSORO,Ultrapassagem indevida,Colisão lateral,Com Vítimas Feridas,Plena noite,Decrescente,Nublado,Simples,Reta,Rural,2007,3,0,2,0,0,1,2,2
201849,11/03/2007,Domingo,13:40:00,RN,101,99.9,NATAL,Falta de atenção,Colisão traseira,Sem Vítimas,Pleno dia,Crescente,Ceu Claro,Dupla,Reta,Urbano,2007,2,0,0,0,2,0,0,2
201886,11/03/2007,Domingo,19:20:00,RN,101,107.3,PARNAMIRIM,Não guardar distância de segurança,Colisão traseira,Sem Vítimas,Plena noite,Crescente,Nublado,Dupla,Reta,Urbano,2007,2,0,0,0,2,0,0,2
202016,11/03/2007,Domingo,04:00:00,RN,101,101.8,PARNAMIRIM,Ingestão de álcool,Colisão traseira,Sem Vítimas,Amanhecer,Decrescente,Ceu Claro,Dupla,Reta,Urbano,2007,2,0,0,0,2,0,0,2
202051,09/03/2007,Sexta,17:45:00,RN,101,105.3,PARNAMIRIM,Falta de atenção,Colisão traseira,Sem Vítimas,Anoitecer,Crescente,Ceu Claro,Dupla,Reta,Urbano,2007,2,0,0,0,2,0,0,2
202064,10/03/2007,Sábado,02:00:00,RN,304,29.1,MOSSORO,Outras,Colisão traseira,Com Vítimas Feridas,Anoitecer,Decrescente,Ceu Claro,Simples,Reta,Rural,2007,2,0,1,0,1,0,1,2
202067,11/03/2007,Domingo,04:45:00,RN,101,103.1,PARNAMIRIM,Outras,Colisão com objeto fixo,Com Vítimas Feridas,Amanhecer,Crescente,Ceu Claro,Dupla,Cruzamento,Urbano,2007,2,0,2,0,0,0,2,1
202128,04/03/2007,Domingo,19:00:00,RN,406,150.0,CEARA-MIRIM,Falta de atenção,Atropelamento de pessoa,Com Vítimas Feridas,Plena noite,Decrescente,Ceu Claro,Simples,Cruzamento,Urbano,2007,2,0,1,0,1,0,1,1
202137,08/03/2007,Quinta,18:30:00,RN,406,97.8,JOAO CAMARA,Animais na Pista,Atropelamento de animal,Com Vítimas Feridas,Plena noite,Decrescente,Ceu Claro,Simples,Reta,Rural,2007,1,0,0,1,0,0,1,1
202235,12/03/2007,Segunda,16:10:00,RN,226,67.7,SERRA CAIADA,Outras,Capotamento,Com Vítimas Feridas,Pleno dia,Crescente,Ceu Claro,Simples,Reta,Urbano,2007,3,0,2,0,1,0,2,2
202263,12/03/2007,Segunda,07:50:00,RN,101,82.7,SAO GONCALO DO AMARANTE,Falta de atenção,Colisão lateral,Sem Vítimas,Pleno dia,Crescente,Ceu Claro,Dupla,Reta,Urbano,2007,2,0,0,0,2,0,0,2
202381,12/03/2007,Segunda,07:50:00,RN,304,7.1,MOSSORO,Outras,Saída de Pista,Sem Vítimas,Pleno dia,Crescente,Ceu Claro,Dupla,Reta,Rural,2007,1,0,0,0,1,0,0,1
202482,05/03/2007,Segunda,17:10:00,RN,101,101.8,PARNAMIRIM,Falta de atenção,Colisão traseira,Sem Vítimas,Pleno dia,Decrescente,Ceu Claro,Dupla,Cruzamento,Urbano,2007,2,0,0,0,1,1,0,2
202516,09/03/2007,Sexta,17:30:00,RN,101,105.5,PARNAMIRIM,Outras,Atropelamento de pessoa,Com Vítimas Feridas,Anoitecer,Crescente,Ceu Claro,Dupla,Reta,Urbano,2007,2,0,1,0,0,1,1,1
202542,05/03/2007,Segunda,12:25:00,RN,101,106.0,PARNAMIRIM,Falta de atenção,Colisão com bicicleta,Com Vítimas Feridas,Pleno dia,Decrescente,Sol,Dupla,Reta,Urbano,2007,2,0,1,0,0,1,1,2
202557,12/03/2007,Segunda,00:40:00,RN,101,81.8,SAO GONCALO DO AMARANTE,Outras,Colisão com objeto fixo,Sem Vítimas,Plena noite,Crescente,Ceu Claro,Dupla,Reta,Urbano,2007,1,0,0,0,1,0,0,1
202632,09/03/2007,Sexta,17:45:00,RN,101,105.5,PARNAMIRIM,Ingestão de álcool,Colisão traseira,Sem Vítimas,Anoitecer,Decrescente,Ceu Claro,Dupla,Reta,Urbano,2007,3,0,0,0,3,0,0,3
202636,13/03/2007,Terça,07:40:00,RN,101,100.0,PARNAMIRIM,Não guardar distância de segurança,Colisão traseira,Sem Vítimas,Pleno dia,Decrescente,Chuva,Dupla,Reta,Urbano,2007,2,0,0,0,2,0,0,2
202665,09/03/2007,Sexta,21:40:00,RN,304,176.6,LAJES,Ultrapassagem indevida,Colisão Transversal,Sem Vítimas,Plena noite,Crescente,Chuva,Simples,Reta,Rural,2007,2,0,0,0,2,0,0,2
202670,13/03/2007,Terça,15:50:00,RN,226,142.2,CAMPO REDONDO,Dormindo,Saída de Pista,Sem Vítimas,Pleno dia,Crescente,Ceu Claro,Simples,Reta,Rural,2007,1,0,0,0,1,0,0,1
202747,10/03/2007,Sábado,07:15:00,RN,101,97.5,NATAL,Falta de atenção,Colisão traseira,Sem Vítimas,Pleno dia,Decrescente,Ceu Claro,Múltipla,Reta,Urbano,2007,3,0,0,0,3,0,0,3
202862,10/03/2007,Sábado,17:00:00,RN,226,2.4,NATAL,Falta de atenção,Colisão frontal,Com Vítimas Feridas,Anoitecer,Decrescente,Ceu Claro,Simples,Reta,Urbano,2007,2,0,0,1,1,0,1,2
202934,08/03/2007,Quinta,17:00:00,RN,101,83.4,NATAL,Falta de atenção,Colisão lateral,Sem Vítimas,Pleno dia,Crescente,Ceu Claro,Dupla,Reta,Urbano,2007,2,0,0,0,2,0,0,2
202939,11/03/2007,Domingo,18:20:00,RN,101,72.0,EXTREMOZ,Falta de atenção,Colisão lateral,Sem Vítimas,Plena noite,Crescente,Ceu Claro,Simples,Reta,Rural,2007,2,0,0,0,1,1,0,2
203001,12/02/2007,Segunda,11:20:00,RN,101,84.0,SAO GONCALO DO AMARANTE,Não guardar distância de segurança,Colisão lateral,Sem Vítimas,Pleno dia,Crescente,Ceu Claro,Dupla,Reta,Urbano,2007,2,0,0,0,1,1,0,2
203035,14/03/2007,Quarta,14:35:00,RN,304,269.2,SANTA MARIA,Defeito mecânico em veículo,Saída de Pista,Sem Vítimas,Pleno dia,Crescente,Nublado,Simples,Curva,Rural,2007,1,0,0,0,1,0,0,1
203214,14/03/2007,Quarta,20:30:00,RN,101,104.4,PARNAMIRIM,Velocidade incompatível,Saída de Pista,Com Vítimas Feridas,Plena noite,Crescente,Nublado,Múltipla,Curva,Urbano,2007,1,0,1,0,0,0,1,1
203219,15/03/2007,Quinta,01:30:00,RN,101,94.5,NATAL,Velocidade incompatível,Saída de Pista,Sem Vítimas,Plena noite,Decrescente,Nublado,Múltipla,Curva,Urbano,2007,1,0,0,0,1,0,0,1
203277,07/03/2007,Quarta,16:00:00,RN,101,108.8,PARNAMIRIM,Ultrapassagem indevida,Colisão Transversal,Com Vítimas Feridas,Plena noite,Decrescente,Nublado,Simples,Reta,Urbano,2007,5,0,4,0,1,0,4,2
203445,16/02/2007,Sexta,16:25:00,RN,226,137.7,CAMPO REDONDO,Outras,Colisão com bicicleta,Com Vítimas Fatais,Pleno dia,Crescente,Sol,Simples,Reta,Rural,2007,2,1,0,0,1,0,0,2
203470,14/03/2007,Quarta,13:20:00,RN,101,97.8,NATAL,Falta de atenção,Colisão traseira,Sem Vítimas,Pleno dia,Crescente,Ceu Claro,Dupla,Cruzamento,Urbano,2007,2,0,0,0,2,0,0,2
203675,14/03/2007,Quarta,23:20:00,RN,101,96.5,NATAL,Falta de atenção,Colisão traseira,Sem Vítimas,Plena noite,Decrescente,Nublado,Dupla,Cruzamento,Urbano,2007,2,0,0,0,2,0,0,2
203758,16/03/2007,Sexta,06:51:00,RN,101,84.8,NATAL,Falta de atenção,Colisão lateral,Sem Vítimas,Pleno dia,Crescente,Ceu Claro,Múltipla,Reta,Urbano,2007,2,0,0,0,2,0,0,2
203886,16/03/2007,Sexta,16:15:00,RN,101,102.8,PARNAMIRIM,Falta de atenção,Colisão lateral,Sem Vítimas,Pleno dia,Crescente,Ceu Claro,Dupla,Cruzamento,Urbano,2007,2,0,0,0,2,0,0,2
204346,17/03/2007,Sábado,13:30:00,RN,101,84.9,SAO GONCALO DO AMARANTE,Falta de atenção,Colisão traseira,Sem Vítimas,Pleno dia,Crescente,Ceu Claro,Dupla,Reta,Urbano,2007,3,0,0,0,3,0,0,3
204353,17/03/2007,Sábado,19:10:00,RN,101,99.5,NATAL,Outras,Colisão traseira,Sem Vítimas,Plena noite,Decrescente,Ignorada,Dupla,Curva,Urbano,2007,2,0,0,0,2,0,0,2
204424,17/03/2007,Sábado,22:00:00,RN,101,101.8,PARNAMIRIM,Desobediência à sinalização,Colisão Transversal,Sem Vítimas,Plena noite,Decrescente,Ceu Claro,Dupla,Cruzamento,Urbano,2007,2,0,0,0,2,0,0,2
204479,17/03/2007,Sábado,17:05:00,RN,110,46.7,MOSSORO,Falta de atenção,Colisão traseira,Sem Vítimas,Pleno dia,Crescente,Nublado,Simples,Reta,Urbano,2007,2,0,0,0,2,0,0,2
204538,18/03/2007,Domingo,00:50:00,RN,304,37.5,MOSSORO,Ingestão de álcool,Colisão traseira,Sem Vítimas,Plena noite,Decrescente,Nublado,Simples,Reta,Urbano,2007,3,0,0,0,3,0,0,2
204625,14/03/2007,Quarta,19:15:00,RN,226,110.9,SANTA CRUZ,Falta de atenção,Colisão frontal,Com Vítimas Feridas,Plena noite,Crescente,Ceu Claro,Simples,Curva,Urbano,2007,2,0,0,2,0,0,2,2
204645,16/03/2007,Sexta,06:50:00,RN,226,11.9,MACAIBA,Outras,Colisão lateral,Sem Vítimas,Pleno dia,Crescente,Ceu Claro,Simples,Cruzamento,Urbano,2007,2,0,0,0,2,0,0,2
204668,18/03/2007,Domingo,10:30:00,RN,101,94.8,NATAL,Falta de atenção,Colisão lateral,Sem Vítimas,Pleno dia,Decrescente,Sol,Múltipla,Reta,Urbano,2007,2,0,0,0,2,0,0,2
204676,18/03/2007,Domingo,11:00:00,RN,304,306.5,MACAIBA,Defeito mecânico em veículo,Colisão Transversal,Sem Vítimas,Pleno dia,Crescente,Ceu Claro,Dupla,Reta,Urbano,2007,2,0,0,0,2,0,0,2
204684,16/03/2007,Sexta,20:00:00,RN,304,281.8,MACAIBA,Outras,Colisão com bicicleta,Com Vítimas Fatais,Plena noite,Crescente,Ceu Claro,Simples,Reta,Rural,2007,2,1,1,0,0,0,1,2
204769,18/03/2007,Domingo,08:10:00,RN,406,102.0,JOAO CAMARA,Falta de atenção,Colisão Transversal,Com Vítimas Fatais,Pleno dia,Crescente,Ceu Claro,Simples,Reta,Urbano,2007,2,1,0,0,1,0,0,2
204872,18/03/2007,Domingo,21:35:00,RN,304,47.8,MOSSORO,Ingestão de álcool,Colisão traseira,Com Vítimas Feridas,Plena noite,Decrescente,Ceu Claro,Simples,Reta,Urbano,2007,2,0,1,0,1,0,1,2
204940,20/01/2007,Sábado,06:37:00,RN,101,101.2,PARNAMIRIM,Falta de atenção,Colisão traseira,Com Vítimas Feridas,Pleno dia,Crescente,Ceu Claro,Dupla,Reta,Urbano,2007,2,0,1,0,1,0,1,2
205001,15/03/2007,Quinta,11:40:00,RN,101,123.0,SAO JOSE DE MIPIBU,Não guardar distância de segurança,Colisão traseira,Sem Vítimas,Pleno dia,Decrescente,Ceu Claro,Simples,Reta,Urbano,2007,2,0,0,0,2,0,0,2
205046,19/03/2007,Segunda,07:20:00,RN,304,275.7,IELMO MARINHO,Falta de atenção,Capotamento,Com Vítimas Feridas,Pleno dia,Crescente,Ceu Claro,Simples,Reta,Rural,2007,3,0,1,1,1,0,2,1
205094,19/03/2007,Segunda,07:50:00,RN,101,114.8,SAO JOSE DE MIPIBU,Não guardar distância de segurança,Colisão traseira,Sem Vítimas,Pleno dia,Decrescente,Sol,Simples,Reta,Rural,2007,2,0,0,0,2,0,0,2
205102,19/03/2007,Segunda,07:00:00,RN,101,99.9,NATAL,Falta de atenção,Colisão traseira,Sem Vítimas,Pleno dia,Crescente,Ceu Claro,Dupla,Cruzamento,Urbano,2007,2,0,0,0,2,0,0,2
205107,12/03/2007,Segunda,19:00:00,RN,304,37.7,MOSSORO,Falta de atenção,Colisão Transversal,Sem Vítimas,Plena noite,Decrescente,Chuva,Simples,Reta,Urbano,2007,2,0,0,0,2,0,0,2
205180,19/03/2007,Segunda,10:15:00,RN,304,73.7,MOSSORO,Outras,Colisão com bicicleta,Com Vítimas Feridas,Pleno dia,Crescente,Ceu Claro,Simples,Reta,Rural,2007,4,0,2,1,0,1,3,2
205238,19/03/2007,Segunda,09:40:00,RN,101,65.0,EXTREMOZ,Desobediência à sinalização,Colisão Transversal,Sem Vítimas,Pleno dia,Decrescente,Ceu Claro,Simples,Reta,Rural,2007,2,0,0,0,2,0,0,2
205327,19/03/2007,Segunda,15:15:00,RN,427,138.6,SERRA NEGRA DO NORTE,Dormindo,Tombamento,Sem Vítimas,Pleno dia,Crescente,Ceu Claro,Simples,Reta,Rural,2007,1,0,0,0,1,0,0,1
205338,20/03/2007,Terça,00:10:00,RN,406,150.6,CEARA-MIRIM,Animais na Pista,Atropelamento de animal,Sem Vítimas,Plena noite,Decrescente,Ceu Claro,Simples,Reta,Urbano,2007,1,0,0,0,1,0,0,1
205367,19/03/2007,Segunda,12:20:00,RN,101,96.9,NATAL,Dormindo,Colisão traseira,Sem Vítimas,Pleno dia,Decrescente,Ceu Claro,Múltipla,Reta,Urbano,2007,3,0,0,0,3,0,0,3
205417,16/03/2007,Sexta,16:00:00,RN,101,102.8,PARNAMIRIM,Desobediência à sinalização,Colisão Transversal,Sem Vítimas,Pleno dia,Crescente,Ceu Claro,Dupla,Reta,Urbano,2007,2,0,0,0,2,0,0,2
205435,16/03/2007,Sexta,17:40:00,RN,101,96.8,NATAL,Não guardar distância de segurança,Colisão traseira,Sem Vítimas,Anoitecer,Crescente,Ceu Claro,Múltipla,Reta,Urbano,2007,3,0,0,0,3,0,0,3
205716,20/03/2007,Terça,17:30:00,RN,101,97.9,NATAL,Não guardar distância de segurança,Colisão traseira,Sem Vítimas,Pleno dia,Decrescente,Ceu Claro,Múltipla,Reta,Urbano,2007,2,0,0,0,2,0,0,2
205920,29/01/2007,Segunda,07:30:00,RN,101,84.2,SAO GONCALO DO AMARANTE,Falta de atenção,Colisão traseira,Sem Vítimas,Pleno dia,Crescente,Nevoeiro/neblina,Dupla,Reta,Urbano,2007,4,0,0,0,4,0,0,4
206056,21/03/2007,Quarta,12:15:00,RN,101,104.0,PARNAMIRIM,Outras,Colisão lateral,Sem Vítimas,Pleno dia,Decrescente,Ceu Claro,Múltipla,Cruzamento,Urbano,2007,2,0,0,0,2,0,0,2
206109,21/03/2007,Quarta,10:27:00,RN,101,105.0,PARNAMIRIM,Outras,Colisão traseira,Sem Vítimas,Pleno dia,Decrescente,Sol,Dupla,Reta,Urbano,2007,2,0,0,0,2,0,0,2
206313,22/03/2007,Quinta,09:50:00,RN,406,148.0,CEARA-MIRIM,Animais na Pista,Atropelamento de animal,Sem Vítimas,Pleno dia,Crescente,Ceu Claro,Simples,Reta,Rural,2007,1,0,0,0,1,0,0,1
206433,22/03/2007,Quinta,12:00:00,RN,101,95.3,NATAL,Outras,Colisão lateral,Sem Vítimas,Pleno dia,Crescente,Ceu Claro,Múltipla,Cruzamento,Urbano,2007,2,0,0,0,2,0,0,2
206457,14/02/2007,Quarta,22:15:00,RN,101,100.5,PARNAMIRIM,Outras,Capotamento,Com Vítimas Feridas,Plena noite,Crescente,Chuva,Dupla,Curva,Urbano,2007,1,0,1,0,0,0,1,1
206487,22/03/2007,Quinta,19:00:00,RN,101,78.3,NATAL,Animais na Pista,Atropelamento de animal,Sem Vítimas,Plena noite,Decrescente,Ceu Claro,Dupla,Reta,Urbano,2007,1,0,0,0,1,0,0,1
206515,22/03/2007,Quinta,18:00:00,RN,304,60.6,MOSSORO,Animais na Pista,Atropelamento de animal,Sem Vítimas,Plena noite,Decrescente,Ceu Claro,Simples,Reta,Rural,2007,1,0,0,0,1,0,0,1