id,data_inversa,dia_semana,horario,uf,br,km,municipio,causa_acidente,tipo_acidente,classificacao_acidente,fase_dia,sentido_via,condicao_metereologica,tipo_pista,tracado_via,uso_solo,ano,pessoas,mortos,feridos_leves,feridos_graves,ilesos,ignorados,feridos,veiculos
212397,06/04/2007,Sexta,10:55:00,RN,101,107.0,PARNAMIRIM,Falta de atenção,Colisão traseira,Sem Vítimas,Pleno dia,Decrescente,Ceu Claro,Dupla,Cruzamento,Urbano,2007,2,0,0,0,2,0,0,2
212499,05/04/2007,Quinta,16:35:00,RN,101,102.7,PARNAMIRIM,Não guardar distância de segurança,Colisão traseira,Sem Vítimas,Pleno dia,Decrescente,Ceu Claro,Múltipla,Reta,Urbano,2007,2,0,0,0,2,0,0,2
212552,31/03/2007,Sábado,22:05:00,RN,101,96.3,NATAL,Falta de atenção,Colisão traseira,Sem Vítimas,Plena noite,Crescente,Ceu Claro,Múltipla,Curva,Urbano,2007,2,0,0,0,1,1,0,2
212666,07/04/2007,Sábado,20:25:00,RN,304,30.0,MOSSORO,Defeito mecânico em veículo,Colisão lateral,Sem Vítimas,Plena noite,Crescente,Ceu Claro,Simples,Reta,Rural,2007,2,0,0,0,2,0,0,2
212671,07/04/2007,Sábado,19:00:00,RN,304,256.2,SANTA MARIA,Outras,Colisão frontal,Com Vítimas Feridas,Plena noite,Crescente,Ceu Claro,Simples,Reta,Rural,2007,5,0,4,1,0,0,5,2
212723,01/04/2007,Domingo,01:10:00,RN,101,96.6,NATAL,Outras,Colisão traseira,Ignorado,Plena noite,Decrescente,Ceu Claro,Múltipla,Reta,Urbano,2007,2,0,0,0,0,2,0,2
212772,04/04/2007,Quarta,10:55:00,RN,101,99.8,NATAL,Não guardar distância de segurança,Colisão traseira,Sem Vítimas,Pleno dia,Decrescente,Ceu Claro,Dupla,Reta,Urbano,2007,2,0,0,0,2,0,0,2
212939,08/04/2007,Domingo,17:00:00,RN,304,294.1,MACAIBA,Falta de atenção,Colisão traseira,Sem Vítimas,Pleno dia,Crescente,Ceu Claro,Simples,Reta,Urbano,2007,3,0,0,0,3,0,0,3
212993,08/04/2007,Domingo,18:00:00,RN,304,37.6,MOSSORO,Não guardar distância de segurança,Colisão traseira,Sem Vítimas,Plena noite,Crescente,Ceu Claro,Simples,Reta,Urbano,2007,2,0,0,0,2,0,0,2
213040,08/04/2007,Domingo,18:05:00,RN,304,28.8,MACAIBA,Falta de atenção,Colisão traseira,Sem Vítimas,Anoitecer,Crescente,Ceu Claro,Simples,Reta,Rural,2007,3,0,0,0,2,1,0,3
213079,08/04/2007,Domingo,18:30:00,RN,101,85.4,NATAL,Não guardar distância de segurança,Colisão traseira,Sem Vítimas,Plena noite,Crescente,Ceu Claro,Dupla,Reta,Urbano,2007,3,0,0,0,3,0,0,3
213116,08/04/2007,Domingo,18:30:00,RN,101,84.8,NATAL,Outras,Queda de motocicleta / bicicleta / veículo,Com Vítimas Feridas,Plena noite,Crescente,Ceu Claro,Dupla,Reta,Urbano,2007,3,0,0,1,2,0,1,2
213183,08/04/2007,Domingo,18:20:00,RN,101,85.6,SAO GONCALO DO AMARANTE,Não guardar distância de segurança,Colisão traseira,Sem Vítimas,Plena noite,Crescente,Ceu Claro,Dupla,Reta,Urbano,2007,5,0,0,0,4,1,0,5
213187,08/04/2007,Domingo,08:50:00,RN,304,108.2,ASSU,Falta de atenção,Colisão Transversal,Com Vítimas Feridas,Pleno dia,Crescente,Ceu Claro,Simples,Reta,Rural,2007,3,0,1,0,2,0,1,2
213233,08/04/2007,Domingo,17:35:00,RN,101,125.1,SAO JOSE DE MIPIBU,Falta de atenção,Colisão traseira,Sem Vítimas,Anoitecer,Decrescente,Ceu Claro,Simples,Curva,Urbano,2007,2,0,0,0,2,0,0,2
213351,05/04/2007,Quinta,12:23:00,RN,110,20.0,AREIA BRANCA,Outras,Saída de Pista,Sem Vítimas,Pleno dia,Crescente,Ceu Claro,Simples,Reta,Rural,2007,1,0,0,0,1,0,0,1
213365,05/04/2007,Quinta,15:15:00,RN,226,41.2,BOM JESUS,Não guardar distância de segurança,Colisão traseira,Sem Vítimas,Pleno dia,Crescente,Ceu Claro,Simples,Reta,Urbano,2007,2,0,0,0,2,0,0,2
213412,09/04/2007,Segunda,07:00:00,RN,101,84.6,SAO GONCALO DO AMARANTE,Falta de atenção,Colisão traseira,Sem Vítimas,Pleno dia,Crescente,Ceu Claro,Simples,Reta,Urbano,2007,2,0,0,0,2,0,0,2
213447,09/04/2007,Segunda,11:00:00,RN,405,1.1,MOSSORO,Falta de atenção,Colisão traseira,Sem Vítimas,Pleno dia,Crescente,Ceu Claro,Dupla,Reta,Urbano,2007,2,0,0,0,2,0,0,2
213520,05/04/2007,Quinta,19:30:00,RN,304,296.7,MACAIBA,Falta de atenção,Colisão Transversal,Sem Vítimas,Plena noite,Decrescente,Ignorada,Simples,Reta,Urbano,2007,2,0,0,0,1,1,0,2
213537,06/04/2007,Sexta,11:40:00,RN,226,85.0,TANGARA,Outras,Incêndio,Sem Vítimas,Pleno dia,Crescente,Ceu Claro,Simples,Curva,Rural,2007,1,0,0,0,1,0,0,1
213539,06/04/2007,Sexta,14:00:00,RN,427,78.9,CAICO,Falta de atenção,Saída de Pista,Com Vítimas Feridas,Pleno dia,Crescente,Sol,Simples,Reta,Rural,2007,1,0,1,0,0,0,1,1
213595,09/04/2007,Segunda,15:50:00,RN,304,302.6,MACAIBA,Outras,Tombamento,Sem Vítimas,Pleno dia,Decrescente,Ceu Claro,Dupla,Reta,Urbano,2007,2,0,0,0,1,1,0,2
213601,09/04/2007,Segunda,16:30:00,RN,101,84.3,NATAL,Falta de atenção,Colisão lateral,Sem Vítimas,Pleno dia,Decrescente,Ceu Claro,Dupla,Reta,Urbano,2007,2,0,0,0,2,0,0,2
213719,02/04/2007,Segunda,15:00:00,RN,101,97.9,NATAL,Falta de atenção,Colisão traseira,Sem Vítimas,Pleno dia,Decrescente,Ceu Claro,Dupla,Cruzamento,Urbano,2007,3,0,0,0,1,2,0,3
213805,10/04/2007,Terça,00:10:00,RN,101,82.0,NATAL,Falta de atenção,Colisão Transversal,Sem Vítimas,Plena noite,Decrescente,Nevoeiro/neblina,Dupla,Reta,Urbano,2007,2,0,0,0,2,0,0,2
214084,10/04/2007,Terça,10:00:00,RN,101,107.3,PARNAMIRIM,Falta de atenção,Colisão traseira,Sem Vítimas,Pleno dia,Decrescente,Nublado,Dupla,Cruzamento,Urbano,2007,2,0,0,0,2,0,0,2
214104,10/04/2007,Terça,15:00:00,RN,304,83.5,MOSSORO,Falta de atenção,Colisão traseira,Sem Vítimas,Pleno dia,Decrescente,Nublado,Simples,Reta,Rural,2007,2,0,0,0,2,0,0,2
214106,10/04/2007,Terça,09:10:00,RN,101,99.7,NATAL,Outras,Colisão lateral,Sem Vítimas,Pleno dia,Crescente,Ceu Claro,Dupla,Cruzamento,Urbano,2007,2,0,0,0,2,0,0,2
214113,06/04/2007,Sexta,21:00:00,RN,101,83.4,NATAL,Outras,Colisão traseira,Com Vítimas Feridas,Plena noite,Crescente,Ceu Claro,Dupla,Reta,Urbano,2007,3,0,0,1,1,1,1,2
214173,10/04/2007,Terça,19:30:00,RN,101,111.6,PARNAMIRIM,Animais na Pista,Capotamento,Sem Vítimas,Plena noite,Decrescente,Nublado,Simples,Reta,Rural,2007,1,0,0,0,1,0,0,1
214248,05/04/2007,Quinta,08:20:00,RN,101,94.5,NATAL,Falta de atenção,Colisão lateral,Sem Vítimas,Pleno dia,Decrescente,Ceu Claro,Múltipla,Reta,Urbano,2007,2,0,0,0,2,0,0,2
214263,07/04/2007,Sábado,21:00:00,RN,101,107.3,PARNAMIRIM,Ingestão de álcool,Colisão Transversal,Com Vítimas Fatais,Plena noite,Decrescente,Nublado,Dupla,Reta,Urbano,2007,4,1,2,1,0,0,3,3
214275,05/04/2007,Quinta,20:50:00,RN,101,99.7,NATAL,Falta de atenção,Colisão Transversal,Sem Vítimas,Plena noite,Decrescente,Nublado,Dupla,Reta,Urbano,2007,2,0,0,0,2,0,0,2
214313,05/04/2007,Quinta,12:55:00,RN,101,98.8,NATAL,Não guardar distância de segurança,Colisão traseira,Sem Vítimas,Pleno dia,Decrescente,Ceu Claro,Múltipla,Reta,Urbano,2007,2,0,0,0,2,0,0,2
214371,09/04/2007,Segunda,17:15:00,RN,110,22.4,AREIA BRANCA,Outras,Colisão Transversal,Sem Vítimas,Anoitecer,Crescente,Ceu Claro,Simples,Reta,Rural,2007,2,0,0,0,2,0,0,2
214408,08/03/2007,Quinta,15:00:00,RN,101,107.0,PARNAMIRIM,Falta de atenção,Colisão Transversal,Sem Vítimas,Pleno dia,Decrescente,Ceu Claro,Dupla,Cruzamento,Urbano,2007,2,0,0,0,2,0,0,2
214424,04/04/2007,Quarta,06:15:00,RN,101,101.7,PARNAMIRIM,Defeito mecânico em veículo,Colisão Transversal,Sem Vítimas,Pleno dia,Decrescente,Ceu Claro,Múltipla,Cruzamento,Urbano,2007,2,0,0,0,2,0,0,2
214440,08/04/2007,Domingo,11:00:00,RN,406,169.0,SAO GONCALO DO AMARANTE,Desobediência à sinalização,Colisão lateral,Sem Vítimas,Pleno dia,Crescente,Nublado,Dupla,Reta,Urbano,2007,2,0,0,0,2,0,0,2
214492,11/04/2007,Quarta,16:20:00,RN,304,36.2,MOSSORO,Falta de atenção,Colisão Transversal,Com Vítimas Feridas,Pleno dia,Crescente,Ceu Claro,Simples,Reta,Urbano,2007,3,0,1,1,1,0,2,2
214615,11/04/2007,Quarta,15:00:00,RN,101,101.8,PARNAMIRIM,Não guardar distância de segurança,Colisão traseira,Sem Vítimas,Pleno dia,Decrescente,Ceu Claro,Múltipla,Cruzamento,Urbano,2007,2,0,0,0,2,0,0,2
214653,08/04/2007,Domingo,15:00:00,RN,304,224.1,CAICARA DO RIO DO VENTO,Não guardar distância de segurança,Colisão lateral,Sem Vítimas,Pleno dia,Crescente,Sol,Simples,Reta,Rural,2007,1,0,0,0,1,0,0,1
214673,05/04/2007,Quinta,19:30:00,RN,101,95.0,NATAL,Falta de atenção,Colisão lateral,Sem Vítimas,Plena noite,Crescente,Ceu Claro,Dupla,Cruzamento,Urbano,2007,2,0,0,0,2,0,0,2
214742,09/04/2007,Segunda,04:40:00,RN,101,102.9,PARNAMIRIM,Ingestão de álcool,Colisão Transversal,Com Vítimas Feridas,Amanhecer,Crescente,Nublado,Dupla,Cruzamento,Urbano,2007,3,0,2,0,1,0,2,2
214772,08/04/2007,Domingo,18:00:00,RN,101,170.2,NATAL,Ingestão de álcool,Colisão lateral,Sem Vítimas,Plena noite,Crescente,Ceu Claro,Simples,Reta,Rural,2007,2,0,0,0,2,0,0,2
214776,12/04/2007,Quinta,07:30:00,RN,101,76.2,NATAL,Outras,Saída de Pista,Com Vítimas Feridas,Pleno dia,Crescente,Ceu Claro,Dupla,Reta,Rural,2007,1,0,1,0,0,0,1,1
214778,08/04/2007,Domingo,18:25:00,RN,304,285.0,MACAIBA,Falta de atenção,Colisão traseira,Com Vítimas Feridas,Plena noite,Crescente,Ceu Claro,Simples,Reta,Rural,2007,3,0,0,1,2,0,1,3
214800,08/04/2007,Domingo,18:25:00,RN,304,285.0,MACAIBA,Falta de atenção,Colisão traseira,Sem Vítimas,Plena noite,Crescente,Ceu Claro,Simples,Reta,Rural,2007,2,0,0,0,2,0,0,2
214806,09/04/2007,Segunda,11:50:00,RN,101,81.8,NATAL,Falta de atenção,Colisão traseira,Sem Vítimas,Pleno dia,Decrescente,Sol,Dupla,Reta,Urbano,2007,2,0,0,0,2,0,0,2
214837,09/04/2007,Segunda,16:40:00,RN,101,72.8,EXTREMOZ,Outras,Colisão traseira,Sem Vítimas,Pleno dia,Crescente,Sol,Simples,Reta,Rural,2007,2,0,0,0,2,0,0,2
214867,12/04/2007,Quinta,16:00:00,RN,304,36.2,MOSSORO,Falta de atenção,Colisão Transversal,Sem Vítimas,Pleno dia,Crescente,Ceu Claro,Simples,Reta,Urbano,2007,2,0,0,0,2,0,0,2
214870,08/04/2007,Domingo,09:00:00,RN,226,155.7,CURRAIS NOVOS,Dormindo,Capotamento,Com Vítimas Feridas,Pleno dia,Crescente,Ceu Claro,Simples,Curva,Rural,2007,1,0,1,0,0,0,1,1
214882,12/04/2007,Quinta,11:20:00,RN,406,170.1,NATAL,Animais na Pista,Atropelamento de animal,Sem Vítimas,Pleno dia,Decrescente,Ceu Claro,Simples,Reta,Rural,2007,1,0,0,0,1,0,0,1
215019,12/04/2007,Quinta,18:05:00,RN,101,101.7,PARNAMIRIM,Falta de atenção,Colisão traseira,Sem Vítimas,Plena noite,Crescente,Nublado,Dupla,Cruzamento,Urbano,2007,2,0,0,0,2,0,0,2
215031,12/04/2007,Quinta,20:20:00,RN,405,17,MOSSORO,Animais na Pista,Atropelamento de animal,Sem Vítimas,Plena noite,Decrescente,Ceu Claro,Simples,Reta,Urbano,2007,1,0,0,0,1,0,0,1
215130,04/04/2007,Quarta,18:00:00,RN,101,97.8,NATAL,Outras,Colisão lateral,Sem Vítimas,Plena noite,Crescente,Ceu Claro,Múltipla,Reta,Urbano,2007,2,0,0,0,2,0,0,2
215141,05/04/2007,Quinta,18:30:00,RN,427,56.5,JARDIM DO SERIDO,Outras,Colisão com bicicleta,Com Vítimas Feridas,Plena noite,Decrescente,Ceu Claro,Simples,Reta,Rural,2007,2,0,0,1,1,0,1,2
215319,05/04/2007,Quinta,13:50:00,RN,226,41.2,BOM JESUS,Falta de atenção,Colisão traseira,Sem Vítimas,Pleno dia,Crescente,Sol,Simples,Reta,Rural,2007,2,0,0,0,2,0,0,2
215328,13/04/2007,Sexta,17:00:00,RN,101,81.6,NATAL,Outras,Colisão Transversal,Sem Vítimas,Anoitecer,Decrescente,Nublado,Simples,Cruzamento,Urbano,2007,2,0,0,0,1,1,0,2
215357,13/04/2007,Sexta,15:20:00,RN,101,97.8,NATAL,Falta de atenção,Colisão traseira,Sem Vítimas,Pleno dia,Crescente,Ceu Claro,Dupla,Reta,Urbano,2007,2,0,0,0,2,0,0,2
215358,13/04/2007,Sexta,16:40:00,RN,101,85.6,NATAL,Falta de atenção,Colisão lateral,Sem Vítimas,Pleno dia,Decrescente,Nublado,Dupla,Reta,Urbano,2007,2,0,0,0,2,0,0,2
215581,14/04/2007,Sábado,14:00:00,RN,304,35.4,MOSSORO,Falta de atenção,Saída de Pista,Ignorado,Pleno dia,Decrescente,Sol,Simples,Curva,Urbano,2007,1,0,0,0,0,1,0,1
215599,10/04/2007,Terça,07:15:00,RN,101,103.6,PARNAMIRIM,Outras,Atropelamento de pessoa,Com Vítimas Feridas,Pleno dia,Decrescente,Ceu Claro,Dupla,Reta,Urbano,2007,2,0,1,0,1,0,1,1
215673,09/04/2007,Segunda,16:30:00,RN,226,153.7,CURRAIS NOVOS,Defeito mecânico em veículo,Saída de Pista,Sem Vítimas,Pleno dia,Decrescente,Nublado,Simples,Reta,Rural,2007,1,0,0,0,1,0,0,1
215684,17/02/2007,Sábado,15:00:00,RN,405,0.3,MOSSORO,Falta de atenção,Colisão com bicicleta,Com Vítimas Fatais,Pleno dia,Decrescente,Ceu Claro,Dupla,Cruzamento,Urbano,2007,2,1,0,0,1,0,0,2
215686,14/04/2007,Sábado,18:00:00,RN,304,295.9,MACAIBA,Ingestão de álcool,Colisão frontal,Sem Vítimas,Pleno dia,Crescente,Ceu Claro,Simples,Cruzamento,Urbano,2007,2,0,0,0,2,0,0,2
215749,14/04/2007,Sábado,20:40:00,RN,405,0.3,MOSSORO,Desobediência à sinalização,Colisão lateral,Sem Vítimas,Plena noite,Decrescente,Ceu Claro,Dupla,Reta,Urbano,2007,2,0,0,0,2,0,0,2
215766,14/04/2007,Sábado,22:30:00,RN,101,99.9,PARNAMIRIM,Desobediência à sinalização,Colisão Transversal,Com Vítimas Feridas,Plena noite,Decrescente,Ceu Claro,Dupla,Cruzamento,Urbano,2007,2,0,1,0,1,0,1,2
215780,10/04/2007,Terça,11:20:00,RN,101,107.7,PARNAMIRIM,Falta de atenção,Colisão traseira,Sem Vítimas,Pleno dia,Decrescente,Ceu Claro,Dupla,Reta,Urbano,2007,2,0,0,0,2,0,0,2
215887,14/04/2007,Sábado,20:50:00,RN,427,1.6,CURRAIS NOVOS,Não guardar distância de segurança,Colisão traseira,Com Vítimas Feridas,Plena noite,Decrescente,Ceu Claro,Simples,Reta,Rural,2007,2,0,1,0,0,1,1,2
215892,04/04/2007,Quarta,08:01:00,RN,427,11.1,CURRAIS NOVOS,Outras,Colisão lateral,Com Vítimas Feridas,Pleno dia,Decrescente,Ceu Claro,Simples,Reta,Rural,2007,2,0,0,1,1,0,1,2
215916,15/04/2007,Domingo,13:10:00,RN,304,43.3,MOSSORO,Defeito mecânico em veículo,Saída de Pista,Com Vítimas Feridas,Pleno dia,Decrescente,Ceu Claro,Simples,Reta,Rural,2007,4,0,4,0,0,0,4,1
216025,15/04/2007,Domingo,16:50:00,RN,101,84.2,SAO GONCALO DO AMARANTE,Outras,Colisão com objeto fixo,Sem Vítimas,Anoitecer,Crescente,Ceu Claro,Dupla,Reta,Urbano,2007,1,0,0,0,1,0,0,1
216044,15/04/2007,Domingo,17:00:00,RN,304,36,MOSSORO,Outras,Colisão Transversal,Com Vítimas Feridas,Pleno dia,Decrescente,Ceu Claro,Simples,Cruzamento,Urbano,2007,2,0,1,0,1,0,1,2
216115,15/04/2007,Domingo,08:25:00,RN,101,96.3,NATAL,Não guardar distância de segurança,Colisão traseira,Com Vítimas Feridas,Pleno dia,Crescente,Ceu Claro,Múltipla,Cruzamento,Urbano,2007,2,0,1,0,1,0,1,2
216122,11/04/2007,Quarta,21:10:00,RN,101,107.7,PARNAMIRIM,Falta de atenção,Colisão traseira,Sem Vítimas,Plena noite,Crescente,Ceu Claro,Simples,Reta,Urbano,2007,2,0,0,0,2,0,0,2
216159,15/04/2007,Domingo,19:20:00,RN,304,141.9,ANGICOS,Animais na Pista,Capotamento,Com Vítimas Feridas,Plena noite,Crescente,Ceu Claro,Simples,Reta,Rural,2007,2,0,2,0,0,0,2,1
216262,08/04/2007,Domingo,17:00:00,RN,304,297.7,MACAIBA,Falta de atenção,Colisão traseira,Sem Vítimas,Pleno dia,Crescente,Ceu Claro,Simples,Cruzamento,Urbano,2007,2,0,0,0,1,1,0,2
216265,12/04/2007,Quinta,08:30:00,RN,101,98.7,NATAL,Não guardar distância de segurança,Colisão traseira,Sem Vítimas,Pleno dia,Crescente,Ceu Claro,Dupla,Reta,Urbano,2007,2,0,0,0,2,0,0,2
216350,16/04/2007,Segunda,07:30:00,RN,226,3.2,NATAL,Outras,Colisão traseira,Sem Vítimas,Pleno dia,Crescente,Ceu Claro,Simples,Cruzamento,Urbano,2007,2,0,0,0,2,0,0,2
216419,16/04/2007,Segunda,06:50:00,RN,101,108.6,PARNAMIRIM,Falta de atenção,Colisão traseira,Sem Vítimas,Pleno dia,Decrescente,Ceu Claro,Dupla,Curva,Urbano,2007,2,0,0,0,2,0,0,2
216430,16/04/2007,Segunda,08:20:00,RN,101,94.2,NATAL,Outras,Colisão traseira,Sem Vítimas,Pleno dia,Decrescente,Ceu Claro,Dupla,Reta,Urbano,2007,2,0,0,0,2,0,0,2
216449,12/04/2007,Quinta,21:10:00,RN,101,96.6,NATAL,Não guardar distância de segurança,Colisão traseira,Sem Vítimas,Plena noite,Crescente,Ceu Claro,Simples,Curva,Urbano,2007,2,0,0,0,2,0,0,2
216462,16/04/2007,Segunda,08:00:00,RN,101,94.1,NATAL,Não guardar distância de segurança,Colisão traseira,Sem Vítimas,Pleno dia,Decrescente,Sol,Dupla,Reta,Urbano,2007,2,0,0,0,2,0,0,2
216472,16/04/2007,Segunda,19:00:00,RN,101,84.5,NATAL,Defeito na via,Colisão com objeto fixo,Com Vítimas Feridas,Plena noite,Crescente,Ceu Claro,Simples,Curva,Urbano,2007,1,0,0,1,0,0,1,1
216486,12/04/2007,Quinta,17:30:00,RN,101,102.2,NATAL,Falta de atenção,Colisão traseira,Sem Vítimas,Anoitecer,Crescente,Ceu Claro,Dupla,Reta,Urbano,2007,2,0,0,0,2,0,0,2
216502,16/04/2007,Segunda,18:00:00,RN,101,85.2,NATAL,Falta de atenção,Colisão lateral,Com Vítimas Feridas,Plena noite,Decrescente,Ceu Claro,Dupla,Reta,Urbano,2007,2,0,1,0,1,0,1,2
216504,16/04/2007,Segunda,18:10:00,RN,101,96.4,NATAL,Falta de atenção,Colisão traseira,Sem Vítimas,Plena noite,Crescente,Ceu Claro,Múltipla,Reta,Urbano,2007,2,0,0,0,2,0,0,2
216530,13/04/2007,Sexta,01:00:00,RN,101,85,SAO GONCALO DO AMARANTE,Outras,Colisão com objeto fixo,Com Vítimas Feridas,Plena noite,Crescente,Ceu Claro,Dupla,Reta,Urbano,2007,1,0,0,1,0,0,1,1
216554,16/04/2007,Segunda,11:25:00,RN,101,97.7,NATAL,Outras,Colisão traseira,Sem Vítimas,Pleno dia,Decrescente,Ceu Claro,Dupla,Reta,Urbano,2007,2,0,0,0,2,0,0,2
216600,13/04/2007,Sexta,17:30:00,RN,405,41.9,MOSSORO,Falta de atenção,Saída de Pista,Com Vítimas Feridas,Anoitecer,Decrescente,Ceu Claro,Dupla,Reta,Rural,2007,3,0,1,1,1,0,2,1
216641,13/04/2007,Sexta,14:10:00,RN,101,108.7,PARNAMIRIM,Outras,Colisão traseira,Com Vítimas Feridas,Pleno dia,Crescente,Ceu Claro,Simples,Cruzamento,Urbano,2007,2,0,1,0,1,0,1,2
216646,05/04/2007,Quinta,14:30:00,RN,101,84.6,SAO GONCALO DO AMARANTE,Não guardar distância de segurança,Colisão traseira,Sem Vítimas,Pleno dia,Crescente,Sol,Simples,Reta,Urbano,2007,2,0,0,0,2,0,0,2
216661,17/04/2007,Terça,08:10:00,RN,101,109.3,PARNAMIRIM,Falta de atenção,Colisão lateral,Sem Vítimas,Pleno dia,Crescente,Chuva,Simples,Cruzamento,Urbano,2007,2,0,0,0,2,0,0,2
216683,05/04/2007,Quinta,18:45:00,RN,101,82.8,SAO GONCALO DO AMARANTE,Falta de atenção,Colisão Transversal,Sem Vítimas,Plena noite,Crescente,Ceu Claro,Dupla,Cruzamento,Urbano,2007,2,0,0,0,2,0,0,2
216700,17/04/2007,Terça,06:45:00,RN,101,84.8,NATAL,Falta de atenção,Colisão lateral,Sem Vítimas,Pleno dia,Crescente,Ceu Claro,Múltipla,Reta,Urbano,2007,2,0,0,0,2,0,0,2
216714,13/04/2007,Sexta,19:00:00,RN,101,94,NATAL,Outras,Colisão traseira,Sem Vítimas,Plena noite,Decrescente,Nublado,Dupla,Reta,Urbano,2007,2,0,0,0,2,0,0,2
216736,17/04/2007,Terça,08:00:00,RN,101,96.2,NATAL,Desobediência à sinalização,Colisão lateral,Com Vítimas Feridas,Pleno dia,Decrescente,Ceu Claro,Múltipla,Reta,Urbano,2007,2,0,1,0,1,0,1,2
216778,13/04/2007,Sexta,13:10:00,RN,101,96,NATAL,Falta de atenção,Colisão lateral,Sem Vítimas,Pleno dia,Decrescente,Sol,Múltipla,Reta,Urbano,2007,2,0,0,0,2,0,0,2
216818,17/04/2007,Terça,11:10:00,RN,101,85.2,SAO GONCALO DO AMARANTE,Falta de atenção,Colisão lateral,Com Vítimas Feridas,Pleno dia,Crescente,Ceu Claro,Dupla,Reta,Urbano,2007,2,0,0,1,1,0,1,2
216830,13/04/2007,Sexta,13:05:00,RN,101,107.3,PARNAMIRIM,Falta de atenção,Colisão traseira,Sem Vítimas,Pleno dia,Decrescente,Ceu Claro,Dupla,Cruzamento,Urbano,2007,2,0,0,0,2,0,0,2
216906,17/04/2007,Terça,12:00:00,RN,101,125.9,SAO JOSE DE MIPIBU,Outras,Atropelamento de pessoa,Com Vítimas Feridas,Pleno dia,Decrescente,Ceu Claro,Simples,Cruzamento,Urbano,2007,2,0,0,1,1,0,1,1
217018,15/04/2007,Domingo,00:20:00,RN,101,109.9,PARNAMIRIM,Animais na Pista,Atropelamento de animal,Sem Vítimas,Plena noite,Crescente,Ceu Claro,Simples,Reta,Rural,2007,1,0,0,0,1,0,0,1
217042,15/04/2007,Domingo,04:30:00,RN,101,96.7,NATAL,Falta de atenção,Colisão traseira,Sem Vítimas,Amanhecer,Decrescente,Ceu Claro,Múltipla,Reta,Urbano,2007,2,0,0,0,1,1,0,2
217062,10/04/2007,Terça,07:15:00,RN,101,104,PARNAMIRIM,Falta de atenção,Colisão lateral,Sem Vítimas,Pleno dia,Decrescente,Ceu Claro,Dupla,Reta,Urbano,2007,2,0,0,0,2,0,0,2
217112,18/04/2007,Quarta,09:20:00,RN,101,94.5,NATAL,Falta de atenção,Colisão traseira,Sem Vítimas,Pleno dia,Decrescente,Chuva,Dupla,Reta,Urbano,2007,2,0,0,0,2,0,0,2
217124,15/04/2007,Domingo,03:24:00,RN,101,142,ARES,Falta de atenção,Colisão lateral,Sem Vítimas,Plena noite,Decrescente,Ceu Claro,Simples,Reta,Rural,2007,2,0,0,0,2,0,0,2
217148,15/04/2007,Domingo,04:10:00,RN,101,97.7,NATAL,Defeito mecânico em veículo,Colisão com objeto fixo,Com Vítimas Feridas,Plena noite,Decrescente,Chuva,Múltipla,Cruzamento,Urbano,2007,2,0,1,1,0,0,2,1
217260,14/04/2007,Sábado,23:15:00,RN,101,145.9,GOIANINHA,Ultrapassagem indevida,Colisão lateral,Com Vítimas Fatais,Plena noite,Crescente,Nublado,Simples,Reta,Urbano,2007,3,1,0,1,1,0,1,2
217283,18/04/2007,Quarta,10:20:00,RN,101,84.7,SAO GONCALO DO AMARANTE,Falta de atenção,Colisão lateral,Sem Vítimas,Pleno dia,Crescente,Chuva,Dupla,Reta,Urbano,2007,2,0,0,0,2,0,0,2
217298,18/04/2007,Quarta,17:25:00,RN,101,99.7,NATAL,Falta de atenção,Colisão traseira,Sem Vítimas,Anoitecer,Crescente,Chuva,Dupla,Reta,Urbano,2007,2,0,0,0,2,0,0,2
217396,15/04/2007,Domingo,18:10:00,RN,101,94.5,NATAL,Falta de atenção,Colisão lateral,Sem Vítimas,Plena noite,Decrescente,Ceu Claro,Dupla,Reta,Urbano,2007,2,0,0,0,2,0,0,2
217402,19/04/2007,Quinta,07:10:00,RN,110,46.7,MOSSORO,Falta de atenção,Colisão Transversal,Com Vítimas Feridas,Pleno dia,Decrescente,Sol,Simples,Reta,Urbano,2007,3,0,3,0,0,0,3,2
217413,07/04/2007,Sábado,12:00:00,RN,101,82.2,NATAL,Não guardar distância de segurança,Colisão traseira,Sem Vítimas,Pleno dia,Decrescente,Ceu Claro,Dupla,Reta,Urbano,2007,3,0,0,0,3,0,0,3
217462,17/04/2007,Terça,16:30:00,RN,304,32.7,MOSSORO,Outras,Colisão Transversal,Com Vítimas Fatais,Pleno dia,Crescente,Sol,Simples,Cruzamento,Urbano,2007,4,2,0,0,2,0,0,3
217489,15/04/2007,Domingo,11:45:00,RN,101,66,CEARA-MIRIM,Falta de atenção,Colisão Transversal,Com Vítimas Feridas,Pleno dia,Crescente,Ceu Claro,Simples,Reta,Rural,2007,2,0,1,0,1,0,1,2
217541,19/04/2007,Quinta,08:35:00,RN,304,295.9,MACAIBA,Outras,Colisão Transversal,Sem Vítimas,Plena noite,Decrescente,Ceu Claro,Simples,Cruzamento,Urbano,2007,2,0,0,0,2,0,0,2
217601,19/04/2007,Quinta,01:00:00,RN,101,104.4,PARNAMIRIM,Falta de atenção,Capotamento,Sem Vítimas,Plena noite,Crescente,Nublado,Múltipla,Curva,Urbano,2007,1,0,0,0,1,0,0,1