id,data_inversa,dia_semana,horario,uf,br,km,municipio,causa_acidente,tipo_acidente,classificacao_acidente,fase_dia,sentido_via,condicao_metereologica,tipo_pista,tracado_via,uso_solo,ano,pessoas,mortos,feridos_leves,feridos_graves,ilesos,ignorados,feridos,veiculos
263007,06/08/2007,Segunda,07:40:00,RN,101,107.2,PARNAMIRIM,Outras,Colisão traseira,Sem Vítimas,Pleno dia,Decrescente,Chuva,Dupla,Reta,Urbano,2007,4,0,0,0,4,0,0,4
263009,06/08/2007,Segunda,07:30:00,RN,101,99.6,NATAL,Falta de atenção,Colisão traseira,Sem Vítimas,Pleno dia,Decrescente,Nublado,Múltipla,Reta,Urbano,2007,3,0,0,0,2,1,0,3
263016,06/08/2007,Segunda,18:00:00,RN,101,108.6,PARNAMIRIM,Outras,Atropelamento de pessoa,Com Vítimas Feridas,Plena noite,Decrescente,Nublado,Dupla,Reta,Urbano,2007,2,0,1,1,0,0,2,1
263070,06/08/2007,Segunda,05:50:00,RN,101,81.7,SAO GONCALO DO AMARANTE,Outras,Colisão lateral,Sem Vítimas,Pleno dia,Crescente,Ceu Claro,Dupla,Reta,Urbano,2007,2,0,0,0,2,0,0,2
263092,30/07/2007,Segunda,07:50:00,RN,304,283.9,MACAIBA,Outras,Colisão Transversal,Com Vítimas Feridas,Pleno dia,Crescente,Ceu Claro,Simples,Reta,Rural,2007,3,0,1,0,2,0,1,3
263101,03/08/2007,Sexta,17:30:00,RN,405,8.8,MOSSORO,Não guardar distância de segurança,Tombamento,Com Vítimas Feridas,Anoitecer,Decrescente,Ceu Claro,Simples,Reta,Rural,2007,1,0,1,0,0,0,1,1
263175,03/08/2007,Sexta,17:40:00,RN,101,85.6,NATAL,Falta de atenção,Colisão traseira,Sem Vítimas,Anoitecer,Crescente,Ceu Claro,Dupla,Reta,Urbano,2007,5,0,0,0,5,0,0,5
263229,06/08/2007,Segunda,00:10:00,RN,304,281.6,MACAIBA,Falta de atenção,Colisão traseira,Sem Vítimas,Plena noite,Crescente,Nublado,Simples,Reta,Rural,2007,2,0,0,0,2,0,0,2
263255,01/08/2007,Quarta,06:40:00,RN,101,81.4,SAO GONCALO DO AMARANTE,Falta de atenção,Colisão lateral,Sem Vítimas,Pleno dia,Crescente,Ceu Claro,Simples,Cruzamento,Urbano,2007,2,0,0,0,2,0,0,2
263273,07/08/2007,Terça,16:20:00,RN,101,99.9,NATAL,Falta de atenção,Colisão traseira,Sem Vítimas,Pleno dia,Crescente,Ceu Claro,Dupla,Cruzamento,Urbano,2007,2,0,0,0,2,0,0,2
263297,06/08/2007,Segunda,14:45:00,RN,226,104.8,SANTA CRUZ,Falta de atenção,Colisão lateral,Sem Vítimas,Pleno dia,Crescente,Chuva,Simples,Reta,Rural,2007,2,0,0,0,2,0,0,2
263409,04/08/2007,Sábado,04:55:00,RN,304,38.8,MOSSORO,Não guardar distância de segurança,Colisão traseira,Com Vítimas Feridas,Amanhecer,Crescente,Ceu Claro,Simples,Reta,Urbano,2007,2,0,1,0,1,0,1,2
263444,07/08/2007,Terça,16:20:00,RN,101,85,NATAL,Falta de atenção,Colisão lateral,Com Vítimas Feridas,Pleno dia,Decrescente,Sol,Dupla,Reta,Urbano,2007,2,0,1,0,1,0,1,2
263533,05/08/2007,Domingo,05:30:00,RN,101,102.3,PARNAMIRIM,Falta de atenção,Capotamento,Sem Vítimas,Amanhecer,Decrescente,Nublado,Dupla,Reta,Urbano,2007,2,0,0,0,2,0,0,2
263534,02/08/2007,Quinta,20:30:00,RN,304,120.9,ITAJA,Animais na Pista,Colisão frontal,Com Vítimas Fatais,Plena noite,Decrescente,Ceu Claro,Simples,Reta,Rural,2007,5,2,1,2,0,0,3,2
263544,08/08/2007,Quarta,07:30:00,RN,101,97.1,NATAL,Falta de atenção,Colisão traseira,Sem Vítimas,Pleno dia,Decrescente,Nublado,Múltipla,Reta,Urbano,2007,2,0,0,0,2,0,0,2
263588,08/08/2007,Quarta,07:40:00,RN,101,85.7,SAO GONCALO DO AMARANTE,Falta de atenção,Colisão lateral,Sem Vítimas,Plena noite,Crescente,Ceu Claro,Dupla,Reta,Urbano,2007,2,0,0,0,2,0,0,2
263627,08/08/2007,Quarta,13:40:00,RN,304,0.9,MOSSORO,Desobediência à sinalização,Colisão lateral,Sem Vítimas,Pleno dia,Crescente,Ceu Claro,Simples,Reta,Rural,2007,2,0,0,0,2,0,0,2
263719,05/08/2007,Domingo,18:30:00,RN,406,161.8,CEARA-MIRIM,Falta de atenção,Colisão traseira,Sem Vítimas,Plena noite,Crescente,Nublado,Simples,Reta,Rural,2007,2,0,0,0,1,1,0,2
263735,04/08/2007,Sábado,04:45:00,RN,304,33.9,MOSSORO,Velocidade incompatível,Colisão traseira,Com Vítimas Feridas,Amanhecer,Crescente,Ceu Claro,Simples,Reta,Urbano,2007,3,0,1,0,1,1,1,3
263808,08/08/2007,Quarta,18:10:00,RN,110,46.3,MOSSORO,Falta de atenção,Colisão frontal,Com Vítimas Feridas,Anoitecer,Decrescente,Ceu Claro,Simples,Reta,Rural,2007,2,0,1,0,1,0,1,2
263836,03/08/2007,Sexta,19:45:00,RN,101,144.9,GOIANINHA,Outras,Colisão com bicicleta,Com Vítimas Feridas,Plena noite,Crescente,Ceu Claro,Simples,Reta,Rural,2007,3,0,0,2,1,0,2,2
263848,08/08/2007,Quarta,18:00:00,RN,110,46.4,MOSSORO,Não guardar distância de segurança,Colisão traseira,Sem Vítimas,Plena noite,Crescente,Ceu Claro,Simples,Reta,Urbano,2007,2,0,0,0,2,0,0,2
263869,08/08/2007,Quarta,09:55:00,RN,101,97.1,NATAL,Falta de atenção,Colisão traseira,Sem Vítimas,Plena noite,Crescente,Nublado,Dupla,Reta,Urbano,2007,2,0,0,0,2,0,0,2
264069,09/08/2007,Quinta,14:38:00,RN,101,143.7,ARES,Outras,Colisão traseira,Sem Vítimas,Pleno dia,Decrescente,Nublado,Simples,Curva,Urbano,2007,2,0,0,0,2,0,0,2
264097,24/05/2007,Quinta,11:50:00,RN,101,104.1,PARNAMIRIM,Falta de atenção,Colisão traseira,Sem Vítimas,Pleno dia,Crescente,Sol,Dupla,Reta,Urbano,2007,2,0,0,0,2,0,0,2
264119,09/08/2007,Quinta,18:20:00,RN,101,107.3,PARNAMIRIM,Não guardar distância de segurança,Colisão traseira,Sem Vítimas,Anoitecer,Crescente,Chuva,Dupla,Cruzamento,Urbano,2007,2,0,0,0,2,0,0,2
264167,09/08/2007,Quinta,17:40:00,RN,101,96.7,NATAL,Não guardar distância de segurança,Colisão traseira,Sem Vítimas,Anoitecer,Decrescente,Nublado,Múltipla,Reta,Urbano,2007,4,0,0,0,4,0,0,4
264173,09/08/2007,Quinta,12:45:00,RN,101,84.8,SAO GONCALO DO AMARANTE,Outras,Colisão lateral,Sem Vítimas,Pleno dia,Crescente,Sol,Dupla,Reta,Urbano,2007,2,0,0,0,2,0,0,2
264176,04/08/2007,Sábado,13:30:00,RN,101,84.9,SAO GONCALO DO AMARANTE,Falta de atenção,Colisão traseira,Sem Vítimas,Pleno dia,Crescente,Ceu Claro,Dupla,Reta,Urbano,2007,2,0,0,0,1,1,0,2
264266,08/08/2007,Quarta,15:50:00,RN,101,95.7,NATAL,Desobediência à sinalização,Colisão lateral,Sem Vítimas,Pleno dia,Crescente,Sol,Dupla,Reta,Urbano,2007,2,0,0,0,2,0,0,2
264292,08/08/2007,Quarta,19:15:00,RN,101,94.3,NATAL,Não guardar distância de segurança,Colisão traseira,Sem Vítimas,Plena noite,Crescente,Chuva,Múltipla,Cruzamento,Urbano,2007,2,0,0,0,2,0,0,2
264318,17/07/2007,Terça,15:40:00,RN,101,95.3,NATAL,Falta de atenção,Colisão lateral,Sem Vítimas,Pleno dia,Decrescente,Sol,Múltipla,Reta,Urbano,2007,2,0,0,0,2,0,0,2
264393,10/08/2007,Sexta,11:00:00,RN,101,97.1,NATAL,Outras,Colisão traseira,Sem Vítimas,Pleno dia,Crescente,Nublado,Dupla,Reta,Urbano,2007,2,0,0,0,2,0,0,2
264509,10/08/2007,Sexta,14:50:00,RN,101,80.6,NATAL,Falta de atenção,Colisão lateral,Com Vítimas Feridas,Pleno dia,Decrescente,Ceu Claro,Simples,Cruzamento,Urbano,2007,2,0,1,0,1,0,1,2
264539,10/08/2007,Sexta,13:50:00,RN,304,150.6,ANGICOS,Velocidade incompatível,Capotamento,Com Vítimas Feridas,Pleno dia,Crescente,Sol,Simples,Curva,Rural,2007,1,0,0,1,0,0,1,1
264540,07/08/2007,Terça,06:15:00,RN,101,102.8,PARNAMIRIM,Outras,Colisão Transversal,Com Vítimas Feridas,Amanhecer,Decrescente,Sol,Dupla,Reta,Urbano,2007,3,0,2,0,1,0,2,2
264750,07/08/2007,Terça,18:30:00,RN,101,100.8,PARNAMIRIM,Outras,Colisão traseira,Sem Vítimas,Anoitecer,Crescente,Ceu Claro,Dupla,Reta,Urbano,2007,2,0,0,0,2,0,0,2
264762,09/08/2007,Quinta,16:40:00,RN,405,0.4,MOSSORO,Falta de atenção,Colisão lateral,Sem Vítimas,Pleno dia,Decrescente,Ceu Claro,Simples,Reta,Urbano,2007,2,0,0,0,2,0,0,2
264776,10/08/2007,Sexta,19:00:00,RN,101,97,NATAL,Não guardar distância de segurança,Colisão traseira,Sem Vítimas,Plena noite,Decrescente,Nublado,Dupla,Reta,Urbano,2007,4,0,0,0,4,0,0,4
264813,05/08/2007,Domingo,22:00:00,RN,304,39,MOSSORO,Ingestão de álcool,Colisão traseira,Com Vítimas Feridas,Plena noite,Crescente,Ceu Claro,Simples,Reta,Rural,2007,3,0,2,0,1,0,2,2
264826,11/08/2007,Sábado,08:30:00,RN,405,84.9,APODI,Ultrapassagem indevida,Saída de Pista,Sem Vítimas,Pleno dia,Crescente,Ceu Claro,Simples,Curva,Rural,2007,3,0,0,0,3,0,0,3
264948,11/08/2007,Sábado,12:00:00,RN,101,84.5,NATAL,Falta de atenção,Colisão lateral,Com Vítimas Feridas,Pleno dia,Decrescente,Ceu Claro,Dupla,Curva,Urbano,2007,2,0,1,0,1,0,1,2
265023,11/08/2007,Sábado,18:00:00,RN,304,15.3,MOSSORO,Desobediência à sinalização,Colisão frontal,Com Vítimas Feridas,Anoitecer,Crescente,Ceu Claro,Simples,Reta,Rural,2007,2,0,1,1,0,0,2,2
265034,11/08/2007,Sábado,22:25:00,RN,101,95.9,NATAL,Desobediência à sinalização,Colisão lateral,Sem Vítimas,Plena noite,Crescente,Ceu Claro,Dupla,Reta,Urbano,2007,2,0,0,0,1,1,0,2
265066,11/08/2007,Sábado,17:50:00,RN,226,118.7,SANTA CRUZ,Outras,Capotamento,Com Vítimas Feridas,Anoitecer,Crescente,Ceu Claro,Simples,Curva,Rural,2007,2,0,2,0,0,0,2,1
265086,11/08/2007,Sábado,20:15:00,RN,101,96,NATAL,Falta de atenção,Colisão lateral,Sem Vítimas,Plena noite,Decrescente,Ceu Claro,Dupla,Cruzamento,Urbano,2007,2,0,0,0,2,0,0,2
265091,11/08/2007,Sábado,15:47:00,RN,304,290.9,MACAIBA,Dormindo,Colisão lateral,Com Vítimas Fatais,Pleno dia,Decrescente,Ceu Claro,Simples,Reta,Rural,2007,5,1,2,0,2,0,2,3
265140,12/08/2007,Domingo,03:30:00,RN,101,82.4,SAO GONCALO DO AMARANTE,Falta de atenção,Colisão lateral,Sem Vítimas,Plena noite,Crescente,Chuva,Dupla,Reta,Urbano,2007,2,0,0,0,1,1,0,2
265183,07/08/2007,Terça,06:30:00,RN,101,97.6,NATAL,Outras,Colisão Transversal,Sem Vítimas,Pleno dia,Crescente,Ceu Claro,Múltipla,Cruzamento,Urbano,2007,3,0,0,0,3,0,0,3
265255,12/08/2007,Domingo,15:25:00,RN,226,12.5,MACAIBA,Não guardar distância de segurança,Colisão traseira,Sem Vítimas,Pleno dia,Crescente,Ceu Claro,Simples,Reta,Urbano,2007,2,0,0,0,1,1,0,2
265261,04/08/2007,Sábado,10:20:00,RN,304,263,SAO PEDRO,Outras,Saída de Pista,Sem Vítimas,Pleno dia,Decrescente,Sol,Simples,Reta,Rural,2007,1,0,0,0,1,0,0,1
265467,12/08/2007,Domingo,18:30:00,RN,405,29.4,MOSSORO,Falta de atenção,Colisão frontal,Com Vítimas Feridas,Plena noite,Decrescente,Ceu Claro,Simples,Reta,Rural,2007,2,0,0,1,0,1,1,2
265476,08/08/2007,Quarta,18:30:00,RN,427,3.1,CURRAIS NOVOS,Ingestão de álcool,Colisão traseira,Sem Vítimas,Plena noite,Decrescente,Ceu Claro,Simples,Reta,Rural,2007,2,0,0,0,2,0,0,2
265537,09/08/2007,Quinta,17:00:00,RN,101,97.7,NATAL,Não guardar distância de segurança,Colisão traseira,Sem Vítimas,Pleno dia,Crescente,Ceu Claro,Dupla,Reta,Urbano,2007,2,0,0,0,2,0,0,2
265553,05/08/2007,Domingo,20:00:00,RN,406,169.9,NATAL,Ultrapassagem indevida,Colisão com bicicleta,Com Vítimas Feridas,Plena noite,Crescente,Nublado,Simples,Reta,Urbano,2007,2,0,1,0,0,1,1,2
265575,13/08/2007,Segunda,08:30:00,RN,101,107.1,PARNAMIRIM,Falta de atenção,Colisão traseira,Sem Vítimas,Pleno dia,Decrescente,Chuva,Dupla,Reta,Urbano,2007,5,0,0,0,5,0,0,5
265616,09/08/2007,Quinta,18:55:00,RN,101,106,PARNAMIRIM,Falta de atenção,Colisão traseira,Sem Vítimas,Plena noite,Decrescente,Nublado,Dupla,Reta,Urbano,2007,2,0,0,0,2,0,0,2
265658,19/06/2007,Terça,14:15:00,RN,304,299.9,MACAIBA,Falta de atenção,Colisão traseira,Com Vítimas Feridas,Pleno dia,Crescente,Nublado,Dupla,Reta,Rural,2007,2,0,0,1,1,0,1,2
265662,13/08/2007,Segunda,07:50:00,RN,101,80.6,NATAL,Falta de atenção,Colisão lateral,Com Vítimas Feridas,Pleno dia,Decrescente,Sol,Dupla,Cruzamento,Urbano,2007,2,0,1,0,1,0,1,2
265732,09/08/2007,Quinta,19:20:00,RN,101,96.4,NATAL,Não guardar distância de segurança,Colisão traseira,Com Vítimas Feridas,Plena noite,Decrescente,Ignorada,Dupla,Reta,Urbano,2007,2,0,1,0,0,1,1,2
265761,13/08/2007,Segunda,17:20:00,RN,101,108.8,PARNAMIRIM,Falta de atenção,Colisão Transversal,Com Vítimas Feridas,Anoitecer,Crescente,Nublado,Simples,Cruzamento,Urbano,2007,2,0,1,0,1,0,1,2
265784,13/08/2007,Segunda,08:51:00,RN,101,97.5,NATAL,Não guardar distância de segurança,Colisão traseira,Sem Vítimas,Pleno dia,Decrescente,Chuva,Dupla,Reta,Urbano,2007,2,0,0,0,2,0,0,2
265804,10/08/2007,Sexta,16:00:00,RN,226,134.9,CAMPO REDONDO,Outras,Colisão lateral,Sem Vítimas,Pleno dia,Crescente,Nublado,Dupla,Reta,Urbano,2007,2,0,0,0,2,0,0,2
265860,13/08/2007,Segunda,18:30:00,RN,101,94.3,NATAL,Falta de atenção,Colisão traseira,Sem Vítimas,Plena noite,Crescente,Ceu Claro,Múltipla,Cruzamento,Urbano,2007,2,0,0,0,2,0,0,2
265869,13/08/2007,Segunda,18:30:00,RN,101,40.9,MAXARANGUAPE,Animais na Pista,Atropelamento de animal,Com Vítimas Feridas,Plena noite,Decrescente,Ceu Claro,Simples,Reta,Rural,2007,2,0,1,1,0,0,2,1
265876,13/08/2007,Segunda,09:15:00,RN,101,101.6,PARNAMIRIM,Não guardar distância de segurança,Colisão traseira,Sem Vítimas,Pleno dia,Crescente,Nublado,Dupla,Reta,Urbano,2007,2,0,0,0,2,0,0,2
265940,11/08/2007,Sábado,23:10:00,RN,101,85,SAO GONCALO DO AMARANTE,Falta de atenção,Colisão traseira,Sem Vítimas,Plena noite,Crescente,Nevoeiro/neblina,Dupla,Reta,Urbano,2007,3,0,0,0,3,0,0,3
265941,11/08/2007,Sábado,00:08:00,RN,101,99.9,NATAL,Não guardar distância de segurança,Colisão traseira,Sem Vítimas,Plena noite,Crescente,Chuva,Dupla,Reta,Urbano,2007,2,0,0,0,2,0,0,2
265982,12/08/2007,Domingo,04:00:00,RN,406,150,CEARA-MIRIM,Falta de atenção,Colisão traseira,Sem Vítimas,Plena noite,Decrescente,Nublado,Simples,Reta,Urbano,2007,2,0,0,0,1,1,0,2
266071,14/08/2007,Terça,10:20:00,RN,101,84.2,SAO GONCALO DO AMARANTE,Falta de atenção,Colisão traseira,Sem Vítimas,Pleno dia,Crescente,Chuva,Dupla,Reta,Urbano,2007,2,0,0,0,2,0,0,2
266078,13/08/2007,Segunda,17:30:00,RN,101,97,NATAL,Falta de atenção,Colisão traseira,Sem Vítimas,Anoitecer,Crescente,Nublado,Dupla,Reta,Urbano,2007,3,0,0,0,3,0,0,3
266160,10/08/2007,Sexta,09:00:00,RN,101,99.7,PARNAMIRIM,Falta de atenção,Colisão traseira,Sem Vítimas,Pleno dia,Decrescente,Ceu Claro,Simples,Reta,Urbano,2007,2,0,0,0,2,0,0,2
266180,14/08/2007,Terça,17:55:00,RN,406,170,SAO GONCALO DO AMARANTE,Animais na Pista,Atropelamento de animal,Sem Vítimas,Anoitecer,Crescente,Ceu Claro,Simples,Reta,Rural,2007,1,0,0,0,1,0,0,1
266185,14/08/2007,Terça,17:50:00,RN,406,170,SAO GONCALO DO AMARANTE,Animais na Pista,Atropelamento de animal,Sem Vítimas,Anoitecer,Decrescente,Ceu Claro,Simples,Reta,Rural,2007,1,0,0,0,1,0,0,1
266211,14/08/2007,Terça,15:40:00,RN,101,84.2,NATAL,Não guardar distância de segurança,Colisão traseira,Sem Vítimas,Pleno dia,Decrescente,Ceu Claro,Dupla,Reta,Urbano,2007,2,0,0,0,2,0,0,2
266384,26/07/2007,Quinta,17:30:00,RN,405,2,MOSSORO,Outras,Colisão Transversal,Com Vítimas Feridas,Anoitecer,Decrescente,Ceu Claro,Dupla,Reta,Urbano,2007,3,0,0,1,2,0,1,2
266405,15/08/2007,Quarta,08:50:00,RN,101,84.2,SAO GONCALO DO AMARANTE,Falta de atenção,Colisão traseira,Sem Vítimas,Pleno dia,Crescente,Ceu Claro,Dupla,Reta,Urbano,2007,2,0,0,0,2,0,0,2
266524,13/08/2007,Segunda,16:40:00,RN,406,155.7,CEARA-MIRIM,Falta de atenção,Colisão traseira,Sem Vítimas,Pleno dia,Crescente,Ceu Claro,Simples,Reta,Rural,2007,3,0,0,0,3,0,0,3
266526,12/08/2007,Domingo,23:00:00,RN,304,34.3,MOSSORO,Não guardar distância de segurança,Colisão traseira,Com Vítimas Feridas,Plena noite,Decrescente,Ceu Claro,Simples,Reta,Urbano,2007,2,0,1,0,1,0,1,2
266549,15/08/2007,Quarta,11:05:00,RN,101,108.6,PARNAMIRIM,Outras,Colisão Transversal,Sem Vítimas,Pleno dia,Decrescente,Ceu Claro,Dupla,Cruzamento,Urbano,2007,2,0,0,0,2,0,0,2
266558,09/08/2007,Quinta,23:05:00,RN,304,135.5,ANGICOS,Falta de atenção,Capotamento,Sem Vítimas,Plena noite,Crescente,Ceu Claro,Simples,Reta,Rural,2007,1,0,0,0,1,0,0,1
266603,12/08/2007,Domingo,19:00:00,RN,110,2,AREIA BRANCA,Outras,Colisão Transversal,Com Vítimas Feridas,Plena noite,Decrescente,Ceu Claro,Simples,Reta,Urbano,2007,2,0,1,0,1,0,1,2
266622,15/08/2007,Quarta,15:45:00,RN,101,103.3,PARNAMIRIM,Animais na Pista,Atropelamento de animal,Sem Vítimas,Pleno dia,Crescente,Ceu Claro,Múltipla,Reta,Urbano,2007,2,0,0,0,2,0,0,1
266652,03/08/2007,Sexta,09:10:00,RN,101,84,SAO GONCALO DO AMARANTE,Não guardar distância de segurança,Colisão traseira,Sem Vítimas,Pleno dia,Crescente,Ceu Claro,Dupla,Reta,Urbano,2007,2,0,0,0,2,0,0,2
266656,15/08/2007,Quarta,18:00:00,RN,101,96.5,NATAL,Falta de atenção,Colisão traseira,Com Vítimas Feridas,Anoitecer,Crescente,Chuva,Múltipla,Reta,Urbano,2007,2,0,1,0,1,0,1,2
266669,15/08/2007,Quarta,18:50:00,RN,304,38.7,MOSSORO,Outras,Colisão traseira,Com Vítimas Feridas,Plena noite,Decrescente,Ceu Claro,Simples,Reta,Urbano,2007,2,0,1,0,0,1,1,2
266687,12/08/2007,Domingo,02:30:00,RN,101,99.9,NATAL,Desobediência à sinalização,Colisão Transversal,Sem Vítimas,Plena noite,Crescente,Nublado,Dupla,Cruzamento,Urbano,2007,2,0,0,0,1,1,0,2
266697,15/08/2007,Quarta,18:50:00,RN,101,97,NATAL,Não guardar distância de segurança,Colisão traseira,Sem Vítimas,Plena noite,Crescente,Chuva,Múltipla,Cruzamento,Urbano,2007,3,0,0,0,3,0,0,3
266733,15/08/2007,Quarta,18:50:00,RN,110,46.8,MOSSORO,Falta de atenção,Colisão lateral,Sem Vítimas,Plena noite,Crescente,Ceu Claro,Simples,Curva,Urbano,2007,2,0,0,0,2,0,0,2
266820,16/08/2007,Quinta,07:30:00,RN,101,100.5,NATAL,Não guardar distância de segurança,Colisão traseira,Sem Vítimas,Pleno dia,Crescente,Nublado,Dupla,Curva,Rural,2007,4,0,0,0,4,0,0,4
266843,12/08/2007,Domingo,18:00:00,RN,101,82,SAO GONCALO DO AMARANTE,Não guardar distância de segurança,Colisão traseira,Sem Vítimas,Plena noite,Crescente,Ceu Claro,Dupla,Reta,Urbano,2007,2,0,0,0,2,0,0,2
266922,08/08/2007,Quarta,16:00:00,RN,101,95.2,NATAL,Falta de atenção,Colisão traseira,Sem Vítimas,Pleno dia,Crescente,Chuva,Dupla,Reta,Urbano,2007,2,0,0,0,2,0,0,2
266927,08/08/2007,Quarta,13:30:00,RN,226,0.7,NATAL,Outras,Colisão frontal,Com Vítimas Feridas,Pleno dia,Crescente,Nublado,Simples,Reta,Urbano,2007,2,0,0,1,1,0,1,2
267116,17/08/2007,Sexta,07:05:00,RN,304,301,MACAIBA,Velocidade incompatível,Colisão traseira,Sem Vítimas,Pleno dia,Decrescente,Nublado,Dupla,Reta,Rural,2007,2,0,0,0,2,0,0,2
267118,13/08/2007,Segunda,06:40:00,RN,304,293.4,MACAIBA,Não guardar distância de segurança,Colisão traseira,Sem Vítimas,Amanhecer,Crescente,Ceu Claro,Simples,Reta,Rural,2007,3,0,0,0,2,1,0,3
267159,13/08/2007,Segunda,18:45:00,RN,304,296.7,MACAIBA,Outras,Colisão traseira,Com Vítimas Feridas,Plena noite,Crescente,Nublado,Simples,Reta,Urbano,2007,2,0,0,1,0,1,1,2
267169,13/08/2007,Segunda,09:00:00,RN,101,94.8,NATAL,Falta de atenção,Colisão lateral,Sem Vítimas,Pleno dia,Crescente,Ceu Claro,Múltipla,Curva,Urbano,2007,2,0,0,0,2,0,0,2
267244,13/08/2007,Segunda,15:20:00,RN,101,84.3,NATAL,Falta de atenção,Colisão traseira,Sem Vítimas,Pleno dia,Decrescente,Ceu Claro,Dupla,Reta,Urbano,2007,2,0,0,0,2,0,0,2
267248,17/08/2007,Sexta,15:50:00,RN,405,1,MOSSORO,Velocidade incompatível,Colisão traseira,Com Vítimas Feridas,Pleno dia,Decrescente,Ceu Claro,Dupla,Reta,Urbano,2007,2,0,1,0,0,1,1,2
267256,13/08/2007,Segunda,04:00:00,RN,304,243,RIACHUELO,Outras,Atropelamento de pessoa,Com Vítimas Fatais,Plena noite,Decrescente,Ceu Claro,Simples,Reta,Rural,2007,2,1,0,0,1,0,0,1
267269,17/08/2007,Sexta,07:30:00,RN,304,259.7,SANTA MARIA,Falta de atenção,Capotamento,Sem Vítimas,Pleno dia,Decrescente,Nublado,Simples,Reta,Rural,2007,1,0,0,0,1,0,0,1
267294,13/08/2007,Segunda,22:25:00,RN,304,286.7,MACAIBA,Falta de atenção,Colisão traseira,Com Vítimas Feridas,Plena noite,Decrescente,Nublado,Simples,Reta,Rural,2007,2,0,0,1,1,0,1,2
267336,13/08/2007,Segunda,22:20:00,RN,304,286.7,MACAIBA,Ingestão de álcool,Queda de motocicleta / bicicleta / veículo,Com Vítimas Feridas,Plena noite,Decrescente,Ceu Claro,Simples,Reta,Rural,2007,1,0,0,1,0,0,1,1
267347,17/08/2007,Sexta,18:50:00,RN,101,82.6,SAO GONCALO DO AMARANTE,Ingestão de álcool,Colisão traseira,Sem Vítimas,Plena noite,Crescente,Nublado,Dupla,Reta,Urbano,2007,2,0,0,0,2,0,0,2
267355,17/08/2007,Sexta,16:50:00,RN,304,293.2,MACAIBA,Falta de atenção,Colisão traseira,Sem Vítimas,Pleno dia,Crescente,Ceu Claro,Simples,Reta,Rural,2007,3,0,0,0,3,0,0,3
267464,17/08/2007,Sexta,18:10:00,RN,427,1,CURRAIS NOVOS,Outras,Colisão traseira,Com Vítimas Feridas,Plena noite,Decrescente,Ignorada,Simples,Reta,Rural,2007,2,0,1,0,1,0,1,2
267467,14/08/2007,Terça,17:10:00,RN,304,103,ASSU,Não guardar distância de segurança,Colisão traseira,Sem Vítimas,Pleno dia,Crescente,Sol,Simples,Reta,Rural,2007,2,0,0,0,1,1,0,2
267493,14/08/2007,Terça,12:30:00,RN,101,95.7,NATAL,Outras,Colisão lateral,Com Vítimas Feridas,Pleno dia,Crescente,Sol,Dupla,Reta,Urbano,2007,3,0,1,0,2,0,1,3
267514,18/08/2007,Sábado,06:05:00,RN,304,200,LAJES,Falta de atenção,Saída de Pista,Com Vítimas Feridas,Amanhecer,Decrescente,Ceu Claro,Simples,Reta,Rural,2007,1,0,1,0,0,0,1,1
267528,14/08/2007,Terça,11:20:00,RN,304,287.9,MACAIBA,Falta de atenção,Colisão traseira,Sem Vítimas,Pleno dia,Decrescente,Sol,Simples,Reta,Rural,2007,2,0,0,0,2,0,0,2
267661,18/08/2007,Sábado,18:50:00,RN,427,23.7,ACARI,Falta de atenção,Colisão traseira,Sem Vítimas,Plena noite,Crescente,Ceu Claro,Simples,Curva,Rural,2007,2,0,0,0,2,0,0,2
267673,18/08/2007,Sábado,18:45:00,RN,110,48.3,MOSSORO,Ingestão de álcool,Colisão com bicicleta,Com Vítimas Feridas,Plena noite,Crescente,Ceu Claro,Dupla,Reta,Urbano,2007,2,0,2,0,0,0,2,2
267834,15/08/2007,Quarta,17:40:00,RN,304,38,MOSSORO,Outras,Colisão Transversal,Com Vítimas Feridas,Anoitecer,Crescente,Ceu Claro,Simples,Reta,Urbano,2007,3,0,0,2,1,0,2,2
267839,12/08/2007,Domingo,18:30:00,RN,406,131,TAIPU,Desobediência à sinalização,Colisão frontal,Com Vítimas Feridas,Plena noite,Decrescente,Ceu Claro,Simples,Reta,Rural,2007,2,0,0,2,0,0,2,2
267872,15/08/2007,Quarta,11:45:00,RN,101,97,NATAL,Não guardar distância de segurança,Colisão traseira,Sem Vítimas,Pleno dia,Decrescente,Ceu Claro,Dupla,Reta,Urbano,2007,2,0,0,0,2,0,0,2
267900,19/08/2007,Domingo,07:40:00,RN,101,97.9,NATAL,Falta de atenção,Colisão traseira,Sem Vítimas,Pleno dia,Crescente,Nublado,Dupla,Reta,Urbano,2007,3,0,0,0,3,0,0,3
267901,18/08/2007,Sábado,05:50:00,RN,101,95.7,NATAL,Falta de atenção,Colisão lateral,Sem Vítimas,Amanhecer,Decrescente,Nublado,Múltipla,Reta,Urbano,2007,2,0,0,0,2,0,0,2