id,data_inversa,dia_semana,horario,uf,br,km,municipio,causa_acidente,tipo_acidente,classificacao_acidente,fase_dia,sentido_via,condicao_metereologica,tipo_pista,tracado_via,uso_solo,ano,pessoas,mortos,feridos_leves,feridos_graves,ilesos,ignorados,feridos,veiculos
267918,19/08/2007,Domingo,13:50:00,RN,101,96.5,NATAL,Falta de atenção,Colisão traseira,Sem Vítimas,Pleno dia,Crescente,Ceu Claro,Múltipla,Reta,Urbano,2007,2,0,0,0,2,0,0,2
267942,19/08/2007,Domingo,16:00:00,RN,101,83.2,SAO GONCALO DO AMARANTE,Não guardar distância de segurança,Colisão traseira,Sem Vítimas,Pleno dia,Crescente,Ceu Claro,Dupla,Reta,Urbano,2007,2,0,0,0,2,0,0,2
267987,19/08/2007,Domingo,18:30:00,RN,406,163,SAO GONCALO DO AMARANTE,Falta de atenção,Tombamento,Com Vítimas Feridas,Plena noite,Crescente,Ceu Claro,Simples,Reta,Rural,2007,2,0,0,2,0,0,2,1
268035,19/08/2007,Domingo,18:20:00,RN,101,82.3,NATAL,Falta de atenção,Colisão traseira,Com Vítimas Feridas,Plena noite,Crescente,Ceu Claro,Dupla,Reta,Urbano,2007,2,0,1,0,1,0,1,2
268144,19/08/2007,Domingo,16:30:00,RN,405,109.2,ITAU,Ingestão de álcool,Colisão Transversal,Com Vítimas Feridas,Pleno dia,Crescente,Sol,Simples,Cruzamento,Urbano,2007,2,0,1,0,1,0,1,2
268148,19/08/2007,Domingo,18:00:00,RN,101,82.5,SAO GONCALO DO AMARANTE,Falta de atenção,Colisão traseira,Sem Vítimas,Plena noite,Crescente,Ceu Claro,Dupla,Reta,Urbano,2007,2,0,0,0,2,0,0,2
268182,13/08/2007,Segunda,21:40:00,RN,427,21.6,CURRAIS NOVOS,Ultrapassagem indevida,Colisão frontal,Com Vítimas Fatais,Plena noite,Crescente,Ceu Claro,Simples,Reta,Rural,2007,4,1,2,0,0,1,2,2
268305,11/08/2007,Sábado,17:30:00,RN,101,84.7,NATAL,Falta de atenção,Colisão traseira,Com Vítimas Feridas,Anoitecer,Decrescente,Ceu Claro,Dupla,Reta,Urbano,2007,2,0,1,0,1,0,1,2
268396,20/08/2007,Segunda,15:00:00,RN,101,84.6,SAO GONCALO DO AMARANTE,Outras,Colisão traseira,Com Vítimas Feridas,Pleno dia,Crescente,Nublado,Dupla,Reta,Urbano,2007,4,0,0,1,3,0,1,4
268414,20/08/2007,Segunda,14:50:00,RN,226,173.2,CURRAIS NOVOS,Outras,Saída de Pista,Sem Vítimas,Pleno dia,Crescente,Nublado,Simples,Curva,Rural,2007,1,0,0,0,1,0,0,1
268418,12/08/2007,Domingo,23:20:00,RN,101,109,PARNAMIRIM,Falta de atenção,Colisão lateral,Com Vítimas Feridas,Plena noite,Decrescente,Nublado,Simples,Reta,Urbano,2007,2,0,1,1,0,0,2,2
268451,20/08/2007,Segunda,11:00:00,RN,101,129.7,SAO JOSE DE MIPIBU,Outras,Colisão Transversal,Com Vítimas Fatais,Pleno dia,Crescente,Chuva,Simples,Curva,Rural,2007,3,1,1,0,1,0,1,2
268456,20/08/2007,Segunda,14:30:00,RN,101,84.7,SAO GONCALO DO AMARANTE,Outras,Colisão traseira,Sem Vítimas,Pleno dia,Crescente,Nublado,Dupla,Reta,Urbano,2007,2,0,0,0,2,0,0,2
268467,20/08/2007,Segunda,17:00:00,RN,110,47.3,MOSSORO,Outras,Colisão traseira,Sem Vítimas,Pleno dia,Crescente,Ceu Claro,Simples,Reta,Urbano,2007,2,0,0,0,2,0,0,2
268503,16/08/2007,Quinta,18:30:00,RN,101,102.2,PARNAMIRIM,Falta de atenção,Colisão traseira,Sem Vítimas,Plena noite,Decrescente,Nublado,Dupla,Reta,Urbano,2007,2,0,0,0,2,0,0,2
268513,20/08/2007,Segunda,12:15:00,RN,304,47.2,MOSSORO,Não guardar distância de segurança,Colisão traseira,Sem Vítimas,Pleno dia,Decrescente,Ceu Claro,Simples,Reta,Urbano,2007,2,0,0,0,2,0,0,2
268522,20/08/2007,Segunda,17:50:00,RN,304,46.7,MOSSORO,Falta de atenção,Colisão Transversal,Com Vítimas Feridas,Anoitecer,Decrescente,Ceu Claro,Simples,Reta,Urbano,2007,2,0,0,1,1,0,1,2
268606,18/08/2007,Sábado,06:30:00,RN,101,102.4,PARNAMIRIM,Falta de atenção,Colisão traseira,Sem Vítimas,Amanhecer,Crescente,Nublado,Dupla,Reta,Urbano,2007,2,0,0,0,2,0,0,2
268614,23/04/2007,Segunda,06:20:00,RN,304,289.4,MACAIBA,Falta de atenção,Colisão traseira,Sem Vítimas,Pleno dia,Decrescente,Nublado,Simples,Reta,Rural,2007,2,0,0,0,2,0,0,2
268631,17/08/2007,Sexta,18:50:00,RN,101,95.7,NATAL,Falta de atenção,Colisão traseira,Sem Vítimas,Plena noite,Crescente,Ceu Claro,Múltipla,Reta,Urbano,2007,2,0,0,0,2,0,0,2
268632,13/06/2007,Quarta,19:10:00,RN,304,118.1,ITAJA,Desobediência à sinalização,Colisão Transversal,Sem Vítimas,Plena noite,Decrescente,Ceu Claro,Simples,Reta,Rural,2007,3,0,0,0,3,0,0,3
268641,18/08/2007,Sábado,05:30:00,RN,101,95.3,NATAL,Falta de atenção,Colisão traseira,Sem Vítimas,Amanhecer,Decrescente,Chuva,Múltipla,Reta,Urbano,2007,2,0,0,0,2,0,0,2
268650,15/08/2007,Quarta,18:50:00,RN,101,94,NATAL,Não guardar distância de segurança,Colisão traseira,Sem Vítimas,Anoitecer,Crescente,Chuva,Dupla,Reta,Urbano,2007,2,0,0,0,2,0,0,2
268686,19/08/2007,Domingo,18:40:00,RN,304,281,MACAIBA,Não guardar distância de segurança,Colisão lateral,Sem Vítimas,Anoitecer,Decrescente,Ceu Claro,Simples,Reta,Rural,2007,2,0,0,0,2,0,0,2
268705,18/08/2007,Sábado,05:34:00,RN,101,95.3,NATAL,Falta de atenção,Colisão traseira,Sem Vítimas,Amanhecer,Decrescente,Chuva,Múltipla,Reta,Urbano,2007,3,0,0,0,3,0,0,3
268769,20/08/2007,Segunda,19:00:00,RN,304,287.9,MACAIBA,Ultrapassagem indevida,Capotamento,Sem Vítimas,Plena noite,Crescente,Chuva,Simples,Reta,Rural,2007,1,0,0,0,1,0,0,1
268805,21/08/2007,Terça,08:40:00,RN,101,107,PARNAMIRIM,Falta de atenção,Colisão traseira,Sem Vítimas,Pleno dia,Crescente,Nublado,Dupla,Cruzamento,Urbano,2007,2,0,0,0,2,0,0,2
268837,21/08/2007,Terça,16:45:00,RN,304,74.4,MOSSORO,Defeito mecânico em veículo,Capotamento,Sem Vítimas,Pleno dia,Crescente,Ceu Claro,Simples,Reta,Rural,2007,1,0,0,0,1,0,0,1
268840,18/08/2007,Sábado,05:35:00,RN,101,95.3,NATAL,Falta de atenção,Colisão traseira,Sem Vítimas,Amanhecer,Decrescente,Chuva,Múltipla,Reta,Urbano,2007,3,0,0,0,3,0,0,3
268841,04/07/2007,Quarta,09:45:00,RN,226,111.1,SANTA CRUZ,Falta de atenção,Colisão lateral,Sem Vítimas,Pleno dia,Decrescente,Ceu Claro,Simples,Reta,Urbano,2007,3,0,0,0,3,0,0,2
268850,21/08/2007,Terça,18:30:00,RN,110,46.8,MOSSORO,Falta de atenção,Colisão traseira,Com Vítimas Feridas,Plena noite,Decrescente,Ceu Claro,Simples,Reta,Urbano,2007,2,0,1,0,0,1,1,2
268887,17/08/2007,Sexta,19:40:00,RN,101,58,CEARA-MIRIM,Desobediência à sinalização,Colisão lateral,Sem Vítimas,Plena noite,Crescente,Ceu Claro,Simples,Reta,Urbano,2007,2,0,0,0,2,0,0,2
268938,20/08/2007,Segunda,06:00:00,RN,304,306.3,PARNAMIRIM,Defeito mecânico em veículo,Colisão com objeto móvel,Sem Vítimas,Amanhecer,Crescente,Nublado,Dupla,Reta,Rural,2007,2,0,0,0,2,0,0,2
268939,21/08/2007,Terça,08:30:00,RN,101,99.2,NATAL,Não guardar distância de segurança,Colisão traseira,Sem Vítimas,Pleno dia,Decrescente,Nublado,Múltipla,Reta,Urbano,2007,2,0,0,0,2,0,0,2
268967,11/08/2007,Sábado,02:40:00,RN,101,95.3,NATAL,Outras,Saída de Pista,Com Vítimas Feridas,Plena noite,Decrescente,Nevoeiro/neblina,Dupla,Curva,Urbano,2007,1,0,1,0,0,0,1,1
268982,18/08/2007,Sábado,09:00:00,RN,101,97,NATAL,Outras,Colisão Transversal,Sem Vítimas,Pleno dia,Crescente,Sol,Dupla,Reta,Urbano,2007,2,0,0,0,2,0,0,2
268987,18/08/2007,Sábado,19:30:00,RN,406,126.2,TAIPU,Falta de atenção,Colisão frontal,Com Vítimas Feridas,Plena noite,Decrescente,Ceu Claro,Simples,Reta,Rural,2007,2,0,1,1,0,0,2,2
269071,18/08/2007,Sábado,18:40:00,RN,226,11,MACAIBA,Outras,Colisão traseira,Com Vítimas Feridas,Plena noite,Decrescente,Nublado,Simples,Reta,Urbano,2007,4,0,3,0,0,1,3,3
269096,18/08/2007,Sábado,16:35:00,RN,101,97,NATAL,Falta de atenção,Colisão traseira,Sem Vítimas,Pleno dia,Decrescente,Sol,Múltipla,Reta,Urbano,2007,2,0,0,0,2,0,0,2
269135,18/08/2007,Sábado,17:40:00,RN,304,307.6,PARNAMIRIM,Não guardar distância de segurança,Colisão com objeto fixo,Sem Vítimas,Anoitecer,Crescente,Sol,Múltipla,Reta,Urbano,2007,2,0,0,0,2,0,0,2
269144,22/08/2007,Quarta,13:05:00,RN,304,117.6,ITAJA,Falta de atenção,Colisão traseira,Sem Vítimas,Pleno dia,Decrescente,Ceu Claro,Simples,Reta,Rural,2007,2,0,0,0,2,0,0,2
269194,14/08/2007,Terça,17:40:00,RN,101,123.9,SAO JOSE DE MIPIBU,Outras,Colisão Transversal,Com Vítimas Feridas,Anoitecer,Crescente,Ceu Claro,Simples,Cruzamento,Urbano,2007,3,0,1,0,2,0,1,2
269198,18/08/2007,Sábado,10:20:00,RN,101,107,PARNAMIRIM,Falta de atenção,Colisão traseira,Sem Vítimas,Pleno dia,Crescente,Sol,Dupla,Cruzamento,Urbano,2007,3,0,0,0,3,0,0,3
269221,18/08/2007,Sábado,22:00:00,RN,101,98,NATAL,Ingestão de álcool,Colisão lateral,Sem Vítimas,Plena noite,Decrescente,Chuva,Dupla,Reta,Urbano,2007,2,0,0,0,2,0,0,2
269228,19/08/2007,Domingo,18:20:00,RN,304,72,MOSSORO,Velocidade incompatível,Colisão com bicicleta,Com Vítimas Feridas,Anoitecer,Decrescente,Ceu Claro,Simples,Reta,Rural,2007,2,0,0,1,0,1,1,2
269240,22/08/2007,Quarta,22:20:00,RN,226,158,CURRAIS NOVOS,Dormindo,Colisão lateral,Sem Vítimas,Plena noite,Decrescente,Ceu Claro,Simples,Reta,Rural,2007,2,0,0,0,2,0,0,2
269261,22/08/2007,Quarta,13:48:00,RN,101,97.7,NATAL,Outras,Colisão lateral,Sem Vítimas,Pleno dia,Crescente,Ceu Claro,Dupla,Reta,Urbano,2007,2,0,0,0,2,0,0,2
269309,19/08/2007,Domingo,04:30:00,RN,304,33.9,MOSSORO,Outras,Colisão traseira,Com Vítimas Feridas,Plena noite,Crescente,Ceu Claro,Simples,Reta,Urbano,2007,2,0,1,0,1,0,1,2
269317,15/08/2007,Quarta,19:40:00,RN,101,94,NATAL,Não guardar distância de segurança,Colisão traseira,Sem Vítimas,Plena noite,Crescente,Chuva,Dupla,Reta,Urbano,2007,3,0,0,0,3,0,0,3
269397,19/08/2007,Domingo,12:15:00,RN,304,298.7,MACAIBA,Falta de atenção,Capotamento,Com Vítimas Feridas,Pleno dia,Crescente,Ceu Claro,Dupla,Reta,Rural,2007,6,0,5,1,0,0,6,2
269466,21/08/2007,Terça,18:45:00,RN,406,30,GUAMARE,Animais na Pista,Atropelamento de animal,Sem Vítimas,Plena noite,Crescente,Ceu Claro,Simples,Reta,Rural,2007,1,0,0,0,1,0,0,1
269471,23/08/2007,Quinta,09:40:00,RN,101,157.9,CANGUARETAMA,Outras,Colisão traseira,Sem Vítimas,Pleno dia,Crescente,Ceu Claro,Simples,Reta,Rural,2007,3,0,0,0,3,0,0,3
269473,17/08/2007,Sexta,01:45:00,RN,101,99.9,PARNAMIRIM,Falta de atenção,Colisão traseira,Sem Vítimas,Plena noite,Decrescente,Chuva,Dupla,Cruzamento,Urbano,2007,2,0,0,0,2,0,0,2
269504,22/08/2007,Quarta,05:45:00,RN,304,219.3,CAICARA DO RIO DO VENTO,Outras,Atropelamento de pessoa,Com Vítimas Fatais,Amanhecer,Crescente,Ceu Claro,Simples,Reta,Urbano,2007,2,1,0,0,1,0,0,1
269520,26/07/2007,Quinta,21:20:00,RN,101,140.6,GOIANINHA,Defeito mecânico em veículo,Colisão traseira,Com Vítimas Feridas,Plena noite,Crescente,Nublado,Simples,Reta,Urbano,2007,2,0,1,0,1,0,1,2
269522,23/08/2007,Quinta,14:18:00,RN,101,135.6,SAO JOSE DE MIPIBU,Falta de atenção,Colisão lateral,Sem Vítimas,Pleno dia,Decrescente,Ceu Claro,Simples,Reta,Rural,2007,2,0,0,0,1,1,0,2
269537,23/08/2007,Quinta,11:30:00,RN,101,75.5,NATAL,Não guardar distância de segurança,Colisão traseira,Sem Vítimas,Pleno dia,Decrescente,Ceu Claro,Dupla,Reta,Rural,2007,2,0,0,0,2,0,0,2
269546,23/08/2007,Quinta,19:20:00,RN,101,101.2,PARNAMIRIM,Falta de atenção,Colisão traseira,Sem Vítimas,Plena noite,Decrescente,Ceu Claro,Dupla,Reta,Urbano,2007,2,0,0,0,2,0,0,2
269625,24/08/2007,Sexta,01:30:00,RN,110,50.6,MOSSORO,Falta de atenção,Colisão lateral,Com Vítimas Feridas,Plena noite,Crescente,Ceu Claro,Simples,Cruzamento,Urbano,2007,2,0,1,0,1,0,1,2
269629,23/08/2007,Quinta,16:30:00,RN,110,48.7,MOSSORO,Falta de atenção,Colisão Transversal,Com Vítimas Feridas,Pleno dia,Decrescente,Ceu Claro,Dupla,Cruzamento,Urbano,2007,2,0,1,0,1,0,1,2
269656,23/08/2007,Quinta,22:50:00,RN,226,13.3,MACAIBA,Velocidade incompatível,Capotamento,Com Vítimas Feridas,Plena noite,Decrescente,Ceu Claro,Simples,Curva,Rural,2007,2,0,0,1,1,0,1,1
269668,20/08/2007,Segunda,12:30:00,RN,304,292.7,MACAIBA,Falta de atenção,Colisão lateral,Sem Vítimas,Pleno dia,Decrescente,Ceu Claro,Simples,Reta,Rural,2007,2,0,0,0,2,0,0,2
269679,20/08/2007,Segunda,07:00:00,RN,101,85.6,NATAL,Falta de atenção,Colisão lateral,Com Vítimas Feridas,Pleno dia,Crescente,Ceu Claro,Dupla,Reta,Urbano,2007,3,0,0,1,2,0,1,2
269687,19/08/2007,Domingo,02:00:00,RN,101,95.7,NATAL,Outras,Colisão Transversal,Sem Vítimas,Plena noite,Crescente,Nevoeiro/neblina,Múltipla,Reta,Urbano,2007,2,0,0,0,2,0,0,2
269746,16/08/2007,Quinta,05:45:00,RN,101,101.8,PARNAMIRIM,Falta de atenção,Colisão traseira,Sem Vítimas,Amanhecer,Decrescente,Chuva,Dupla,Cruzamento,Urbano,2007,2,0,0,0,2,0,0,2
269762,24/08/2007,Sexta,10:00:00,RN,101,95.8,NATAL,Não guardar distância de segurança,Colisão traseira,Sem Vítimas,Pleno dia,Crescente,Ceu Claro,Múltipla,Reta,Urbano,2007,2,0,0,0,2,0,0,2
269804,18/08/2007,Sábado,17:10:00,RN,101,110.7,PARNAMIRIM,Não guardar distância de segurança,Colisão traseira,Sem Vítimas,Anoitecer,Decrescente,Ceu Claro,Simples,Reta,Rural,2007,3,0,0,0,3,0,0,3
269995,24/08/2007,Sexta,21:50:00,RN,101,94.9,NATAL,Não guardar distância de segurança,Colisão lateral,Com Vítimas Feridas,Plena noite,Decrescente,Ceu Claro,Dupla,Curva,Urbano,2007,2,0,0,1,1,0,1,2
270065,20/08/2007,Segunda,07:00:00,RN,101,85.2,SAO GONCALO DO AMARANTE,Outras,Colisão lateral,Sem Vítimas,Pleno dia,Crescente,Ceu Claro,Dupla,Reta,Urbano,2007,2,0,0,0,1,1,0,2
270110,22/08/2007,Quarta,10:20:00,RN,304,297,MACAIBA,Falta de atenção,Colisão traseira,Sem Vítimas,Pleno dia,Crescente,Ceu Claro,Simples,Reta,Urbano,2007,2,0,0,0,2,0,0,2
270184,25/08/2007,Sábado,16:40:00,RN,226,118.6,SANTA CRUZ,Outras,Capotamento,Com Vítimas Feridas,Pleno dia,Crescente,Ceu Claro,Simples,Curva,Rural,2007,5,0,4,0,1,0,4,1
270202,25/08/2007,Sábado,15:50:00,RN,101,94.4,NATAL,Não guardar distância de segurança,Colisão traseira,Sem Vítimas,Pleno dia,Decrescente,Ceu Claro,Múltipla,Reta,Urbano,2007,2,0,0,0,2,0,0,2
270273,21/08/2007,Terça,17:55:00,RN,226,135.7,CAMPO REDONDO,Falta de atenção,Colisão lateral,Sem Vítimas,Anoitecer,Decrescente,Ceu Claro,Simples,Reta,Urbano,2007,1,0,0,0,1,0,0,1
270316,25/08/2007,Sábado,23:00:00,RN,101,95.3,NATAL,Falta de atenção,Colisão traseira,Sem Vítimas,Plena noite,Crescente,Nublado,Dupla,Cruzamento,Urbano,2007,2,0,0,0,2,0,0,2
270423,26/08/2007,Domingo,09:45:00,RN,226,4.8,NATAL,Falta de atenção,Colisão Transversal,Sem Vítimas,Pleno dia,Decrescente,Ceu Claro,Simples,Curva,Urbano,2007,2,0,0,0,2,0,0,2
270543,25/08/2007,Sábado,19:00:00,RN,226,45.1,BOM JESUS,Outras,Colisão lateral,Sem Vítimas,Plena noite,Crescente,Ceu Claro,Simples,Reta,Rural,2007,3,0,0,0,3,0,0,3
270715,24/08/2007,Sexta,05:00:00,RN,101,95.1,NATAL,Falta de atenção,Colisão com objeto fixo,Sem Vítimas,Amanhecer,Crescente,Chuva,Simples,Reta,Urbano,2007,1,0,0,0,1,0,0,1
270719,16/08/2007,Quinta,19:20:00,RN,304,219,CAICARA DO RIO DO VENTO,Ingestão de álcool,Saída de Pista,Sem Vítimas,Plena noite,Decrescente,Ceu Claro,Simples,Reta,Urbano,2007,1,0,0,0,1,0,0,1
270732,10/08/2007,Sexta,17:10:00,RN,427,97.9,CAICO,Outras,Colisão Transversal,Com Vítimas Feridas,Pleno dia,Crescente,Ceu Claro,Simples,Reta,Urbano,2007,3,0,1,1,1,0,2,2
270740,23/08/2007,Quinta,14:15:00,RN,304,64,MOSSORO,Outras,Capotamento,Sem Vítimas,Pleno dia,Decrescente,Sol,Simples,Reta,Rural,2007,1,0,0,0,1,0,0,1
270758,26/08/2007,Domingo,00:20:00,RN,226,7.5,NATAL,Falta de atenção,Colisão Transversal,Sem Vítimas,Plena noite,Crescente,Ceu Claro,Simples,Reta,Urbano,2007,2,0,0,0,2,0,0,2
270785,27/08/2007,Segunda,09:50:00,RN,101,97.1,NATAL,Falta de atenção,Colisão traseira,Sem Vítimas,Pleno dia,Decrescente,Ceu Claro,Múltipla,Cruzamento,Urbano,2007,2,0,0,0,2,0,0,2
270868,27/08/2007,Segunda,03:30:00,RN,110,4.6,AREIA BRANCA,Outras,Colisão frontal,Com Vítimas Fatais,Plena noite,Crescente,Ceu Claro,Simples,Curva,Rural,2007,3,1,0,2,0,0,2,2
270885,27/08/2007,Segunda,13:25:00,RN,405,1.6,MOSSORO,Falta de atenção,Colisão traseira,Com Vítimas Feridas,Pleno dia,Decrescente,Ceu Claro,Dupla,Reta,Urbano,2007,3,0,1,1,1,0,2,2
270889,10/08/2007,Sexta,18:40:00,RN,427,55.4,JARDIM DO SERIDO,Falta de atenção,Colisão Transversal,Sem Vítimas,Plena noite,Crescente,Ceu Claro,Simples,Reta,Urbano,2007,2,0,0,0,1,1,0,2
270896,15/08/2007,Quarta,23:30:00,RN,304,118,ITAJA,Falta de atenção,Saída de Pista,Com Vítimas Feridas,Plena noite,Decrescente,Ignorada,Simples,Reta,Rural,2007,2,0,1,0,1,0,1,1
270907,27/08/2007,Segunda,14:40:00,RN,101,122.8,SAO JOSE DE MIPIBU,Outras,Colisão Transversal,Sem Vítimas,Pleno dia,Crescente,Ceu Claro,Simples,Reta,Urbano,2007,2,0,0,0,2,0,0,2
270956,27/08/2007,Segunda,18:29:00,RN,405,0.8,MOSSORO,Outras,Colisão Transversal,Sem Vítimas,Plena noite,Decrescente,Ceu Claro,Dupla,Reta,Urbano,2007,2,0,0,0,2,0,0,2
271023,27/08/2007,Segunda,20:35:00,RN,304,10.5,MOSSORO,Outras,Colisão lateral,Com Vítimas Feridas,Plena noite,Decrescente,Ceu Claro,Simples,Reta,Rural,2007,2,0,1,0,1,0,1,2
271037,23/08/2007,Quinta,08:45:00,RN,101,97.7,NATAL,Falta de atenção,Colisão traseira,Sem Vítimas,Pleno dia,Decrescente,Ceu Claro,Dupla,Reta,Urbano,2007,2,0,0,0,2,0,0,2
271046,24/08/2007,Sexta,05:30:00,RN,101,106,PARNAMIRIM,Falta de atenção,Colisão lateral,Sem Vítimas,Amanhecer,Decrescente,Chuva,Dupla,Reta,Urbano,2007,2,0,0,0,2,0,0,2
271073,24/08/2007,Sexta,18:40:00,RN,101,82.9,NATAL,Outras,Colisão Transversal,Sem Vítimas,Plena noite,Decrescente,Ceu Claro,Dupla,Cruzamento,Urbano,2007,2,0,0,0,2,0,0,2
271077,25/08/2007,Sábado,03:15:00,RN,101,100.4,PARNAMIRIM,Outras,Saída de Pista,Com Vítimas Feridas,Plena noite,Decrescente,Ceu Claro,Dupla,Reta,Urbano,2007,1,0,1,0,0,0,1,1
271206,26/08/2007,Domingo,11:20:00,RN,304,190.9,LAJES,Outras,Atropelamento de pessoa,Com Vítimas Fatais,Pleno dia,Crescente,Ceu Claro,Simples,Reta,Urbano,2007,2,1,0,0,1,0,0,1
271213,28/08/2007,Terça,13:40:00,RN,304,37.4,MOSSORO,Falta de atenção,Colisão Transversal,Sem Vítimas,Pleno dia,Crescente,Ceu Claro,Dupla,Cruzamento,Urbano,2007,2,0,0,0,2,0,0,2
271220,26/08/2007,Domingo,22:30:00,RN,304,173.4,LAJES,Falta de atenção,Capotamento,Com Vítimas Feridas,Anoitecer,Decrescente,Ceu Claro,Simples,Reta,Urbano,2007,2,0,1,0,1,0,1,1
271254,28/08/2007,Terça,15:50:00,RN,101,96.4,NATAL,Falta de atenção,Colisão traseira,Sem Vítimas,Pleno dia,Decrescente,Ceu Claro,Dupla,Reta,Urbano,2007,2,0,0,0,2,0,0,2
271298,28/08/2007,Terça,16:20:00,RN,101,97.2,NATAL,Não guardar distância de segurança,Colisão traseira,Sem Vítimas,Pleno dia,Decrescente,Ceu Claro,Dupla,Reta,Urbano,2007,2,0,0,0,2,0,0,2
271356,20/08/2007,Segunda,15:10:00,RN,427,6.1,CURRAIS NOVOS,Outras,Capotamento,Sem Vítimas,Pleno dia,Crescente,Chuva,Simples,Curva,Rural,2007,1,0,0,0,1,0,0,1
271440,24/08/2007,Sexta,06:40:00,RN,101,97.8,NATAL,Não guardar distância de segurança,Colisão traseira,Sem Vítimas,Pleno dia,Crescente,Nublado,Múltipla,Cruzamento,Urbano,2007,2,0,0,0,2,0,0,2
271508,05/08/2007,Domingo,18:00:00,RN,406,162,CEARA-MIRIM,Outras,Colisão lateral,Com Vítimas Fatais,Plena noite,Decrescente,Ceu Claro,Simples,Reta,Rural,2007,2,1,0,1,0,0,1,2
271523,20/08/2007,Segunda,07:15:00,RN,101,97.7,NATAL,Falta de atenção,Colisão lateral,Sem Vítimas,Pleno dia,Decrescente,Ceu Claro,Múltipla,Cruzamento,Urbano,2007,2,0,0,0,2,0,0,2
271525,28/08/2007,Terça,14:20:00,RN,304,177.2,ANGICOS,Animais na Pista,Atropelamento de animal,Sem Vítimas,Pleno dia,Decrescente,Ceu Claro,Simples,Reta,Rural,2007,1,0,0,0,1,0,0,1
271561,29/08/2007,Quarta,13:30:00,RN,101,81,NATAL,Não guardar distância de segurança,Colisão traseira,Sem Vítimas,Pleno dia,Decrescente,Ceu Claro,Dupla,Reta,Urbano,2007,2,0,0,0,2,0,0,2
271673,29/08/2007,Quarta,10:00:00,RN,101,99.9,NATAL,Outras,Colisão lateral,Sem Vítimas,Pleno dia,Crescente,Ceu Claro,Múltipla,Reta,Urbano,2007,2,0,0,0,2,0,0,2
271741,29/08/2007,Quarta,23:50:00,RN,101,107.3,PARNAMIRIM,Desobediência à sinalização,Colisão com objeto móvel,Com Vítimas Feridas,Plena noite,Decrescente,Nublado,Dupla,Cruzamento,Urbano,2007,1,0,1,0,0,0,1,1
271829,26/08/2007,Domingo,15:55:00,RN,101,57,CEARA-MIRIM,Falta de atenção,Colisão Transversal,Com Vítimas Feridas,Pleno dia,Decrescente,Ceu Claro,Simples,Cruzamento,Rural,2007,2,0,0,1,1,0,1,2
272063,26/08/2007,Domingo,17:25:00,RN,101,82.9,NATAL,Outras,Colisão lateral,Com Vítimas Feridas,Anoitecer,Decrescente,Ceu Claro,Dupla,Reta,Urbano,2007,3,0,1,1,1,0,2,2
272064,26/08/2007,Domingo,16:40:00,RN,101,97.9,NATAL,Ingestão de álcool,Colisão traseira,Sem Vítimas,Pleno dia,Decrescente,Ceu Claro,Dupla,Reta,Urbano,2007,2,0,0,0,2,0,0,2
272101,30/08/2007,Quinta,14:40:00,RN,101,107,NATAL,Não guardar distância de segurança,Colisão traseira,Sem Vítimas,Pleno dia,Decrescente,Ceu Claro,Dupla,Cruzamento,Urbano,2007,2,0,0,0,2,0,0,2
272298,27/08/2007,Segunda,17:20:00,RN,101,109.3,PARNAMIRIM,Falta de atenção,Colisão traseira,Sem Vítimas,Anoitecer,Crescente,Ceu Claro,Simples,Reta,Rural,2007,3,0,0,0,3,0,0,3
272311,31/08/2007,Sexta,08:40:00,RN,304,44.1,MOSSORO,Outras,Saída de Pista,Com Vítimas Feridas,Pleno dia,Decrescente,Ceu Claro,Dupla,Curva,Urbano,2007,1,0,1,0,0,0,1,1
272540,31/08/2007,Sexta,13:30:00,RN,101,95.3,NATAL,Falta de atenção,Colisão traseira,Sem Vítimas,Pleno dia,Crescente,Ceu Claro,Dupla,Reta,Urbano,2007,2,0,0,0,2,0,0,2
272643,01/09/2007,Sábado,08:46:00,RN,304,301.2,MACAIBA,Outras,Colisão Transversal,Com Vítimas Feridas,Pleno dia,Crescente,Ceu Claro,Dupla,Reta,Urbano,2007,2,0,0,1,1,0,1,2
272719,01/09/2007,Sábado,14:40:00,RN,304,289.9,MACAIBA,Defeito mecânico em veículo,Colisão lateral,Sem Vítimas,Pleno dia,Decrescente,Ceu Claro,Dupla,Reta,Rural,2007,2,0,0,0,2,0,0,2
272729,01/09/2007,Sábado,16:00:00,RN,101,107.9,NATAL,Falta de atenção,Colisão traseira,Sem Vítimas,Pleno dia,Decrescente,Ceu Claro,Dupla,Reta,Urbano,2007,2,0,0,0,2,0,0,2
272750,01/09/2007,Sábado,10:07:00,RN,304,49.5,MOSSORO,Falta de atenção,Colisão lateral,Sem Vítimas,Pleno dia,Crescente,Ceu Claro,Dupla,Reta,Urbano,2007,2,0,0,0,2,0,0,2
272861,01/09/2007,Sábado,17:00:00,RN,405,39.8,GOVERNADOR DIX-SEPT ROSADO,Outras,Atropelamento de pessoa,Com Vítimas Fatais,Pleno dia,Crescente,Ceu Claro,Simples,Reta,Rural,2007,2,1,0,0,1,0,0,1
272882,31/08/2007,Sexta,08:30:00,RN,101,99.9,NATAL,Outras,Colisão traseira,Sem Vítimas,Pleno dia,Crescente,Ceu Claro,Dupla,Cruzamento,Urbano,2007,2,0,0,0,2,0,0,2