id,data_inversa,dia_semana,horario,uf,br,km,municipio,causa_acidente,tipo_acidente,classificacao_acidente,fase_dia,sentido_via,condicao_metereologica,tipo_pista,tracado_via,uso_solo,ano,pessoas,mortos,feridos_leves,feridos_graves,ilesos,ignorados,feridos,veiculos
283804,26/09/2007,Quarta,18:00:00,RN,101,167.8,CANGUARETAMA,Defeito na via,Tombamento,Com Vítimas Feridas,Plena noite,Decrescente,Ceu Claro,Simples,Reta,Rural,2007,1,0,1,0,0,0,1,1
283869,26/09/2007,Quarta,15:17:00,RN,101,108.7,PARNAMIRIM,Não guardar distância de segurança,Colisão traseira,Sem Vítimas,Pleno dia,Decrescente,Ceu Claro,Dupla,Cruzamento,Urbano,2007,2,0,0,0,2,0,0,2
283960,30/09/2007,Domingo,17:00:00,RN,101,116.3,SAO JOSE DE MIPIBU,Falta de atenção,Colisão Transversal,Com Vítimas Feridas,Anoitecer,Decrescente,Ceu Claro,Simples,Cruzamento,Rural,2007,2,0,0,1,1,0,1,2
283961,30/09/2007,Domingo,11:30:00,RN,304,187,LAJES,Falta de atenção,Capotamento,Com Vítimas Feridas,Pleno dia,Decrescente,Ceu Claro,Simples,Curva,Rural,2007,2,0,1,0,1,0,1,1
283974,30/09/2007,Domingo,14:40:00,RN,101,108.8,PARNAMIRIM,Outras,Colisão Transversal,Sem Vítimas,Pleno dia,Crescente,Sol,Simples,Reta,Urbano,2007,2,0,0,0,2,0,0,2
284173,23/09/2007,Domingo,11:40:00,RN,101,96.8,NATAL,Não guardar distância de segurança,Colisão traseira,Sem Vítimas,Pleno dia,Decrescente,Sol,Múltipla,Reta,Urbano,2007,2,0,0,0,2,0,0,2
284185,27/09/2007,Quinta,18:00:00,RN,304,118,ITAJA,Ultrapassagem indevida,Colisão frontal,Com Vítimas Fatais,Plena noite,Decrescente,Ceu Claro,Simples,Reta,Rural,2007,3,1,0,0,1,1,0,3
284204,27/09/2007,Quinta,18:00:00,RN,101,100.7,PARNAMIRIM,Outras,Colisão traseira,Com Vítimas Feridas,Plena noite,Decrescente,Ceu Claro,Dupla,Reta,Urbano,2007,3,0,2,0,1,0,2,3
284263,01/10/2007,Segunda,09:15:00,RN,101,98,NATAL,Falta de atenção,Colisão traseira,Sem Vítimas,Pleno dia,Decrescente,Ceu Claro,Dupla,Reta,Urbano,2007,2,0,0,0,2,0,0,2
284284,26/09/2007,Quarta,22:47:00,RN,110,46,MOSSORO,Não guardar distância de segurança,Colisão traseira,Sem Vítimas,Plena noite,Decrescente,Ceu Claro,Simples,Reta,Urbano,2007,2,0,0,0,2,0,0,2
284533,14/09/2007,Sexta,19:00:00,RN,101,97,NATAL,Não guardar distância de segurança,Colisão traseira,Sem Vítimas,Plena noite,Crescente,Chuva,Dupla,Reta,Urbano,2007,2,0,0,0,2,0,0,2
284572,01/10/2007,Segunda,15:40:00,RN,226,61.7,SENADOR ELOI DE SOUZA,Outras,Atropelamento de pessoa,Com Vítimas Fatais,Pleno dia,Decrescente,Ceu Claro,Simples,Reta,Rural,2007,2,1,0,0,0,1,0,1
284601,01/10/2007,Segunda,21:10:00,RN,304,114.9,ASSU,Outras,Colisão com bicicleta,Com Vítimas Fatais,Plena noite,Decrescente,Ignorada,Simples,Reta,Rural,2007,2,1,0,0,0,1,0,2
284612,28/09/2007,Sexta,22:20:00,RN,101,101.8,PARNAMIRIM,Falta de atenção,Colisão traseira,Sem Vítimas,Plena noite,Crescente,Ceu Claro,Múltipla,Cruzamento,Urbano,2007,2,0,0,0,2,0,0,2
284616,28/09/2007,Sexta,13:15:00,RN,101,97.9,NATAL,Falta de atenção,Colisão traseira,Com Vítimas Feridas,Pleno dia,Crescente,Ceu Claro,Dupla,Cruzamento,Urbano,2007,2,0,1,0,1,0,1,2
284640,24/09/2007,Segunda,09:15:00,RN,427,25.9,ACARI,Falta de atenção,Colisão com objeto fixo,Com Vítimas Feridas,Pleno dia,Crescente,Ceu Claro,Simples,Reta,Rural,2007,2,0,0,1,1,0,1,1
284724,28/09/2007,Sexta,14:30:00,RN,101,97.1,NATAL,Falta de atenção,Colisão traseira,Sem Vítimas,Pleno dia,Decrescente,Sol,Múltipla,Reta,Urbano,2007,2,0,0,0,2,0,0,2
284749,28/09/2007,Sexta,16:20:00,RN,101,97.9,NATAL,Falta de atenção,Colisão lateral,Sem Vítimas,Pleno dia,Crescente,Sol,Múltipla,Curva,Urbano,2007,2,0,0,0,2,0,0,2
284758,28/09/2007,Sexta,16:00:00,RN,101,97.9,NATAL,Falta de atenção,Colisão traseira,Sem Vítimas,Pleno dia,Crescente,Ceu Claro,Dupla,Cruzamento,Urbano,2007,2,0,0,0,2,0,0,2
284771,24/09/2007,Segunda,08:00:00,RN,101,103.8,PARNAMIRIM,Falta de atenção,Atropelamento de pessoa,Com Vítimas Feridas,Pleno dia,Decrescente,Sol,Dupla,Reta,Urbano,2007,2,0,0,1,1,0,1,1
284786,29/09/2007,Sábado,04:30:00,RN,101,109.3,PARNAMIRIM,Falta de atenção,Colisão Transversal,Com Vítimas Feridas,Plena noite,Decrescente,Ceu Claro,Simples,Reta,Urbano,2007,2,0,1,0,1,0,1,2
284802,26/09/2007,Quarta,21:00:00,RN,110,48,MOSSORO,Não guardar distância de segurança,Colisão traseira,Sem Vítimas,Plena noite,Decrescente,Ceu Claro,Dupla,Cruzamento,Urbano,2007,2,0,0,0,2,0,0,2
284807,02/10/2007,Terça,15:20:00,RN,101,101.8,PARNAMIRIM,Não guardar distância de segurança,Colisão traseira,Sem Vítimas,Pleno dia,Crescente,Ceu Claro,Múltipla,Cruzamento,Urbano,2007,2,0,0,0,2,0,0,2
284819,02/10/2007,Terça,06:30:00,RN,101,161,CEARA-MIRIM,Falta de atenção,Colisão lateral,Com Vítimas Feridas,Pleno dia,Crescente,Ceu Claro,Simples,Reta,Urbano,2007,2,0,1,0,1,0,1,2
284834,02/10/2007,Terça,18:00:00,RN,101,85.8,NATAL,Não guardar distância de segurança,Colisão traseira,Sem Vítimas,Plena noite,Decrescente,Ceu Claro,Dupla,Reta,Urbano,2007,2,0,0,0,2,0,0,2
284958,02/10/2007,Terça,21:00:00,RN,304,9.1,MOSSORO,Dormindo,Colisão lateral,Com Vítimas Feridas,Plena noite,Crescente,Ceu Claro,Simples,Reta,Rural,2007,2,0,1,0,1,0,1,2
284985,27/09/2007,Quinta,07:10:00,RN,405,1,MOSSORO,Falta de atenção,Colisão Transversal,Sem Vítimas,Pleno dia,Decrescente,Ceu Claro,Dupla,Reta,Urbano,2007,2,0,0,0,2,0,0,2
284998,03/10/2007,Quarta,07:35:00,RN,101,114.8,SAO JOSE DE MIPIBU,Falta de atenção,Colisão Transversal,Sem Vítimas,Pleno dia,Decrescente,Nublado,Simples,Reta,Urbano,2007,2,0,0,0,2,0,0,2
285014,29/09/2007,Sábado,23:05:00,RN,101,97,NATAL,Outras,Colisão frontal,Com Vítimas Feridas,Plena noite,Crescente,Ceu Claro,Simples,Cruzamento,Urbano,2007,2,0,1,0,1,0,1,2
285023,29/09/2007,Sábado,16:19:00,RN,101,10.6,PARNAMIRIM,Outras,Colisão lateral,Sem Vítimas,Pleno dia,Crescente,Ceu Claro,Dupla,Reta,Urbano,2007,2,0,0,0,2,0,0,2
285133,03/10/2007,Quarta,13:10:00,RN,406,94.1,JOAO CAMARA,Outras,Saída de Pista,Com Vítimas Feridas,Pleno dia,Decrescente,Ceu Claro,Simples,Reta,Rural,2007,2,0,2,0,0,0,2,1
285166,03/10/2007,Quarta,17:30:00,RN,406,170.2,SAO GONCALO DO AMARANTE,Não guardar distância de segurança,Colisão traseira,Com Vítimas Feridas,Anoitecer,Decrescente,Ceu Claro,Simples,Reta,Rural,2007,2,0,1,0,0,1,1,2
285175,30/09/2007,Domingo,00:10:00,RN,101,109.4,PARNAMIRIM,Outras,Colisão Transversal,Sem Vítimas,Plena noite,Decrescente,Ceu Claro,Simples,Reta,Urbano,2007,2,0,0,0,2,0,0,2
285216,03/10/2007,Quarta,14:10:00,RN,427,1.3,CURRAIS NOVOS,Dormindo,Atropelamento de pessoa,Com Vítimas Feridas,Pleno dia,Crescente,Ceu Claro,Simples,Reta,Rural,2007,2,0,1,0,1,0,1,1
285236,29/09/2007,Sábado,07:00:00,RN,101,102,PARNAMIRIM,Não guardar distância de segurança,Colisão traseira,Sem Vítimas,Pleno dia,Decrescente,Sol,Dupla,Reta,Urbano,2007,2,0,0,0,2,0,0,2
285458,04/10/2007,Quinta,09:20:00,RN,304,145,ANGICOS,Falta de atenção,Colisão lateral,Sem Vítimas,Pleno dia,Decrescente,Sol,Simples,Reta,Rural,2007,2,0,0,0,2,0,0,2
285549,30/09/2007,Domingo,20:20:00,RN,226,10.1,MACAIBA,Dormindo,Colisão frontal,Sem Vítimas,Plena noite,Crescente,Ceu Claro,Simples,Reta,Urbano,2007,2,0,0,0,2,0,0,2
285589,01/10/2007,Segunda,02:05:00,RN,101,106.8,PARNAMIRIM,Outras,Colisão com objeto fixo,Sem Vítimas,Plena noite,Decrescente,Ceu Claro,Dupla,Reta,Urbano,2007,1,0,0,0,1,0,0,1
285692,04/10/2007,Quinta,08:10:00,RN,101,99.9,PARNAMIRIM,Falta de atenção,Colisão traseira,Sem Vítimas,Pleno dia,Decrescente,Ceu Claro,Múltipla,Cruzamento,Urbano,2007,2,0,0,0,2,0,0,2
285715,04/10/2007,Quinta,12:00:00,RN,101,105.9,PARNAMIRIM,Não guardar distância de segurança,Colisão lateral,Com Vítimas Feridas,Pleno dia,Decrescente,Ceu Claro,Dupla,Cruzamento,Urbano,2007,2,0,1,0,0,1,1,2
285728,01/10/2007,Segunda,01:00:00,RN,226,11,MACAIBA,Dormindo,Saída de Pista,Com Vítimas Feridas,Plena noite,Decrescente,Ceu Claro,Simples,Curva,Urbano,2007,1,0,1,0,0,0,1,1
285762,05/10/2007,Sexta,07:10:00,RN,101,85.1,SAO GONCALO DO AMARANTE,Não guardar distância de segurança,Colisão lateral,Sem Vítimas,Pleno dia,Crescente,Ceu Claro,Dupla,Cruzamento,Urbano,2007,2,0,0,0,2,0,0,2
285806,05/10/2007,Sexta,08:00:00,RN,304,301.3,MACAIBA,Outras,Colisão traseira,Com Vítimas Feridas,Pleno dia,Decrescente,Ceu Claro,Dupla,Reta,Rural,2007,2,0,1,0,0,1,1,2
285834,05/10/2007,Sexta,10:50:00,RN,101,85.4,NATAL,Não guardar distância de segurança,Colisão traseira,Com Vítimas Feridas,Pleno dia,Decrescente,Sol,Dupla,Reta,Urbano,2007,2,0,1,0,1,0,1,2
285837,05/10/2007,Sexta,07:50:00,RN,304,39.8,MOSSORO,Não guardar distância de segurança,Colisão traseira,Sem Vítimas,Pleno dia,Crescente,Ceu Claro,Simples,Reta,Urbano,2007,2,0,0,0,2,0,0,2
285868,03/10/2007,Quarta,15:10:00,RN,110,45.4,MOSSORO,Desobediência à sinalização,Colisão lateral,Com Vítimas Feridas,Pleno dia,Crescente,Ceu Claro,Simples,Reta,Urbano,2007,3,0,1,0,0,2,1,2
285916,05/10/2007,Sexta,06:50:00,RN,406,35.2,GUAMARE,Falta de atenção,Colisão traseira,Sem Vítimas,Pleno dia,Decrescente,Sol,Simples,Reta,Urbano,2007,2,0,0,0,1,1,0,2
286023,05/10/2007,Sexta,06:55:00,RN,304,30.1,MOSSORO,Outras,Colisão Transversal,Com Vítimas Feridas,Pleno dia,Crescente,Ceu Claro,Simples,Reta,Urbano,2007,2,0,1,0,1,0,1,2
286033,05/10/2007,Sexta,22:10:00,RN,406,144.7,CEARA-MIRIM,Animais na Pista,Atropelamento de animal,Sem Vítimas,Plena noite,Crescente,Ceu Claro,Simples,Reta,Rural,2007,1,0,0,0,1,0,0,1
286071,05/10/2007,Sexta,07:15:00,RN,101,95.8,NATAL,Falta de atenção,Colisão lateral,Sem Vítimas,Pleno dia,Decrescente,Ceu Claro,Múltipla,Reta,Urbano,2007,2,0,0,0,2,0,0,2
286104,01/10/2007,Segunda,13:30:00,RN,226,5.4,MACAIBA,Animais na Pista,Colisão Transversal,Sem Vítimas,Pleno dia,Crescente,Sol,Simples,Reta,Rural,2007,2,0,0,0,1,1,0,2
286164,03/10/2007,Quarta,16:20:00,RN,101,143.5,ARES,Não guardar distância de segurança,Colisão traseira,Sem Vítimas,Pleno dia,Decrescente,Ceu Claro,Simples,Reta,Rural,2007,3,0,0,0,3,0,0,3
286190,28/09/2007,Sexta,21:03:00,RN,101,108.6,PARNAMIRIM,Outras,Colisão com objeto fixo,Com Vítimas Feridas,Plena noite,Crescente,Ceu Claro,Dupla,Reta,Urbano,2007,2,0,0,1,1,0,1,2
286192,06/10/2007,Sábado,08:45:00,RN,101,98.1,NATAL,Falta de atenção,Colisão lateral,Sem Vítimas,Pleno dia,Decrescente,Ceu Claro,Dupla,Cruzamento,Urbano,2007,2,0,0,0,2,0,0,2
286218,05/10/2007,Sexta,00:05:00,RN,406,156,CEARA-MIRIM,Ingestão de álcool,Saída de Pista,Sem Vítimas,Plena noite,Crescente,Ceu Claro,Simples,Reta,Rural,2007,1,0,0,0,1,0,0,1
286227,02/10/2007,Terça,18:35:00,RN,304,38,MOSSORO,Outras,Colisão Transversal,Sem Vítimas,Plena noite,Crescente,Ceu Claro,Simples,Cruzamento,Urbano,2007,2,0,0,0,1,1,0,2
286234,01/10/2007,Segunda,12:30:00,RN,304,108.2,ASSU,Falta de atenção,Colisão Transversal,Sem Vítimas,Pleno dia,Decrescente,Ceu Claro,Simples,Reta,Rural,2007,2,0,0,0,2,0,0,2
286298,06/10/2007,Sábado,14:30:00,RN,101,104.6,PARNAMIRIM,Outras,Colisão lateral,Sem Vítimas,Pleno dia,Crescente,Sol,Simples,Curva,Urbano,2007,2,0,0,0,2,0,0,2
286432,06/10/2007,Sábado,21:10:00,RN,110,47,MOSSORO,Falta de atenção,Colisão lateral,Sem Vítimas,Plena noite,Crescente,Ceu Claro,Simples,Reta,Urbano,2007,2,0,0,0,2,0,0,2
286433,06/10/2007,Sábado,18:40:00,RN,226,73.2,SERRA CAIADA,Outras,Capotamento,Com Vítimas Feridas,Plena noite,Decrescente,Ceu Claro,Dupla,Curva,Rural,2007,1,0,1,0,0,0,1,1
286487,03/10/2007,Quarta,08:20:00,RN,226,6.8,NATAL,Falta de atenção,Colisão com objeto fixo,Com Vítimas Feridas,Pleno dia,Decrescente,Sol,Simples,Reta,Rural,2007,1,0,1,0,0,0,1,1
286503,04/10/2007,Quinta,17:20:00,RN,101,103.1,PARNAMIRIM,Não guardar distância de segurança,Colisão lateral,Sem Vítimas,Anoitecer,Decrescente,Ceu Claro,Dupla,Reta,Urbano,2007,2,0,0,0,2,0,0,2
286555,07/10/2007,Domingo,15:45:00,RN,101,80.7,SAO GONCALO DO AMARANTE,Ingestão de álcool,Colisão lateral,Sem Vítimas,Pleno dia,Crescente,Ceu Claro,Dupla,Curva,Urbano,2007,2,0,0,0,2,0,0,2
286592,07/10/2007,Domingo,09:30:00,RN,101,82.8,NATAL,Falta de atenção,Colisão lateral,Sem Vítimas,Pleno dia,Decrescente,Ceu Claro,Dupla,Reta,Urbano,2007,2,0,0,0,2,0,0,2
286612,24/09/2007,Segunda,11:05:00,RN,304,177.3,ANGICOS,Outras,Capotamento,Com Vítimas Feridas,Pleno dia,Decrescente,Ceu Claro,Simples,Reta,Rural,2007,2,0,1,1,0,0,2,1
286626,07/10/2007,Domingo,16:30:00,RN,101,97.9,NATAL,Outras,Danos Eventuais,Sem Vítimas,Pleno dia,Decrescente,Ceu Claro,Múltipla,Reta,Urbano,2007,2,0,0,0,2,0,0,2
286648,07/10/2007,Domingo,15:30:00,RN,406,150.9,CEARA-MIRIM,Outras,Colisão Transversal,Sem Vítimas,Pleno dia,Decrescente,Sol,Simples,Reta,Urbano,2007,3,0,0,0,3,0,0,3
286660,29/09/2007,Sábado,18:39:00,RN,101,141.4,ARES,Outras,Colisão traseira,Com Vítimas Feridas,Plena noite,Crescente,Ceu Claro,Simples,Reta,Rural,2007,5,0,2,0,2,1,2,3
286697,07/10/2007,Domingo,19:00:00,RN,101,99.9,PARNAMIRIM,Ingestão de álcool,Colisão traseira,Com Vítimas Feridas,Plena noite,Decrescente,Ceu Claro,Dupla,Cruzamento,Urbano,2007,2,0,1,0,1,0,1,2
286720,07/10/2007,Domingo,21:50:00,RN,101,94.3,NATAL,Falta de atenção,Colisão lateral,Com Vítimas Feridas,Plena noite,Crescente,Ceu Claro,Dupla,Reta,Urbano,2007,2,0,1,0,1,0,1,2
286764,07/10/2007,Domingo,23:10:00,RN,304,36,MOSSORO,Outras,Colisão com bicicleta,Com Vítimas Fatais,Plena noite,Crescente,Ceu Claro,Simples,Reta,Urbano,2007,3,1,0,1,0,1,1,2
286785,07/10/2007,Domingo,14:00:00,RN,304,291,NATAL,Outras,Colisão lateral,Com Vítimas Feridas,Pleno dia,Crescente,Ceu Claro,Simples,Reta,Rural,2007,1,0,1,0,0,0,1,1
286825,08/10/2007,Segunda,01:30:00,RN,427,102,CAICO,Outras,Atropelamento de pessoa,Com Vítimas Feridas,Plena noite,Decrescente,Ceu Claro,Simples,Curva,Urbano,2007,2,0,1,0,1,0,1,1
286902,04/10/2007,Quinta,11:50:00,RN,101,95.7,NATAL,Não guardar distância de segurança,Colisão traseira,Com Vítimas Feridas,Pleno dia,Crescente,Ceu Claro,Dupla,Reta,Urbano,2007,3,0,1,0,1,1,1,3
287013,04/10/2007,Quinta,12:30:00,RN,304,296.9,MACAIBA,Não guardar distância de segurança,Colisão traseira,Sem Vítimas,Pleno dia,Crescente,Ceu Claro,Simples,Reta,Urbano,2007,3,0,0,0,3,0,0,3
287095,08/10/2007,Segunda,17:15:00,RN,101,76,NATAL,Animais na Pista,Saída de Pista,Sem Vítimas,Anoitecer,Decrescente,Chuva,Dupla,Reta,Rural,2007,1,0,0,0,1,0,0,1
287196,28/09/2007,Sexta,01:00:00,RN,226,41,MACAIBA,Outras,Atropelamento de pessoa,Com Vítimas Fatais,Plena noite,Decrescente,Ceu Claro,Simples,Reta,Rural,2007,2,1,0,0,1,0,0,1
287238,08/10/2007,Segunda,07:25:00,RN,101,101.9,PARNAMIRIM,Falta de atenção,Colisão traseira,Sem Vítimas,Pleno dia,Decrescente,Nublado,Dupla,Reta,Urbano,2007,4,0,0,0,3,1,0,4
287239,09/10/2007,Terça,04:15:00,RN,101,74.4,EXTREMOZ,Animais na Pista,Saída de Pista,Sem Vítimas,Amanhecer,Crescente,Ceu Claro,Simples,Reta,Rural,2007,1,0,0,0,1,0,0,1
287312,05/10/2007,Sexta,23:50:00,RN,101,102.8,PARNAMIRIM,Outras,Colisão traseira,Com Vítimas Feridas,Plena noite,Crescente,Ceu Claro,Dupla,Reta,Urbano,2007,3,0,1,0,2,0,1,2
287424,09/10/2007,Terça,12:10:00,RN,406,151.6,CEARA-MIRIM,Falta de atenção,Colisão traseira,Sem Vítimas,Pleno dia,Crescente,Ceu Claro,Simples,Reta,Urbano,2007,2,0,0,0,2,0,0,2
287452,05/10/2007,Sexta,22:30:00,RN,101,99.8,NATAL,Outras,Colisão traseira,Sem Vítimas,Plena noite,Crescente,Ceu Claro,Dupla,Reta,Urbano,2007,3,0,0,0,3,0,0,3
287469,06/10/2007,Sábado,19:00:00,RN,406,170.3,SAO GONCALO DO AMARANTE,Animais na Pista,Atropelamento de animal,Com Vítimas Feridas,Plena noite,Decrescente,Ceu Claro,Simples,Reta,Urbano,2007,2,0,2,0,0,0,2,1
287553,09/10/2007,Terça,09:28:00,RN,406,157.8,CEARA-MIRIM,Outras,Colisão com objeto móvel,Com Vítimas Feridas,Pleno dia,Decrescente,Ceu Claro,Simples,Reta,Rural,2007,3,0,1,0,2,0,1,2
287692,09/10/2007,Terça,19:00:00,RN,101,106,PARNAMIRIM,Ingestão de álcool,Colisão Transversal,Sem Vítimas,Plena noite,Decrescente,Nublado,Dupla,Reta,Urbano,2007,2,0,0,0,2,0,0,2
287723,06/10/2007,Sábado,17:20:00,RN,101,99.9,NATAL,Falta de atenção,Colisão traseira,Sem Vítimas,Pleno dia,Crescente,Ceu Claro,Múltipla,Cruzamento,Urbano,2007,2,0,0,0,2,0,0,2
287792,06/10/2007,Sábado,23:55:00,RN,406,169.4,SAO GONCALO DO AMARANTE,Outras,Capotamento,Sem Vítimas,Plena noite,Crescente,Ceu Claro,Simples,Reta,Rural,2007,1,0,0,0,1,0,0,1
287836,07/10/2007,Domingo,18:10:00,RN,304,304,MACAIBA,Falta de atenção,Colisão traseira,Com Vítimas Fatais,Anoitecer,Crescente,Ceu Claro,Dupla,Reta,Rural,2007,2,1,0,1,0,0,1,2
287847,07/10/2007,Domingo,04:40:00,RN,427,106.1,CAICO,Outras,Colisão lateral,Com Vítimas Feridas,Amanhecer,Crescente,Ceu Claro,Simples,Reta,Rural,2007,3,0,2,0,1,0,2,2
287963,06/10/2007,Sábado,08:05:00,RN,101,108.5,PARNAMIRIM,Falta de atenção,Colisão traseira,Sem Vítimas,Pleno dia,Decrescente,Sol,Dupla,Reta,Urbano,2007,2,0,0,0,2,0,0,2
287970,10/10/2007,Quarta,09:30:00,RN,304,70.2,MOSSORO,Outras,Colisão frontal,Com Vítimas Fatais,Pleno dia,Decrescente,Ceu Claro,Simples,Reta,Rural,2007,2,1,1,0,0,0,1,2
287978,20/06/2007,Quarta,11:30:00,RN,101,95.8,NATAL,Outras,Colisão lateral,Sem Vítimas,Pleno dia,Decrescente,Ceu Claro,Dupla,Reta,Urbano,2007,2,0,0,0,2,0,0,2
288006,10/10/2007,Quarta,12:40:00,RN,304,72.2,MOSSORO,Defeito mecânico em veículo,Tombamento,Com Vítimas Feridas,Pleno dia,Decrescente,Ceu Claro,Simples,Reta,Rural,2007,2,0,1,0,1,0,1,1
288011,16/09/2007,Domingo,14:50:00,RN,101,96.4,NATAL,Outras,Colisão lateral,Sem Vítimas,Pleno dia,Crescente,Ceu Claro,Dupla,Curva,Urbano,2007,2,0,0,0,2,0,0,2
288026,10/10/2007,Quarta,13:20:00,RN,101,99,NATAL,Falta de atenção,Colisão traseira,Com Vítimas Feridas,Pleno dia,Crescente,Ceu Claro,Dupla,Reta,Urbano,2007,3,0,1,1,0,1,2,2
288109,02/10/2007,Terça,13:32:00,RN,101,94.2,NATAL,Falta de atenção,Colisão lateral,Com Vítimas Feridas,Pleno dia,Crescente,Ceu Claro,Dupla,Cruzamento,Urbano,2007,2,0,1,0,1,0,1,2
288119,06/10/2007,Sábado,13:30:00,RN,101,97,NATAL,Desobediência à sinalização,Colisão lateral,Sem Vítimas,Pleno dia,Crescente,Ceu Claro,Dupla,Reta,Urbano,2007,2,0,0,0,2,0,0,2
288151,10/10/2007,Quarta,11:30:00,RN,101,95.2,NATAL,Outras,Atropelamento de pessoa,Com Vítimas Feridas,Pleno dia,Decrescente,Sol,Múltipla,Reta,Urbano,2007,2,0,1,0,1,0,1,1
288185,10/10/2007,Quarta,20:40:00,RN,101,94.9,NATAL,Outras,Tombamento,Com Vítimas Feridas,Plena noite,Decrescente,Ceu Claro,Múltipla,Reta,Urbano,2007,2,0,1,1,0,0,2,1
288273,07/10/2007,Domingo,18:00:00,RN,101,97,NATAL,Não guardar distância de segurança,Colisão traseira,Sem Vítimas,Plena noite,Decrescente,Ceu Claro,Dupla,Reta,Urbano,2007,2,0,0,0,2,0,0,2
288371,08/10/2007,Segunda,17:40:00,RN,304,38.1,MOSSORO,Outras,Colisão traseira,Com Vítimas Feridas,Plena noite,Crescente,Ceu Claro,Simples,Cruzamento,Urbano,2007,2,0,0,1,1,0,1,2
288435,11/10/2007,Quinta,05:30:00,RN,405,8.6,MOSSORO,Outras,Colisão com bicicleta,Com Vítimas Feridas,Amanhecer,Decrescente,Ceu Claro,Simples,Reta,Rural,2007,3,0,1,1,0,1,2,3
288484,08/10/2007,Segunda,07:05:00,RN,101,99.6,PARNAMIRIM,Não guardar distância de segurança,Colisão traseira,Com Vítimas Feridas,Pleno dia,Decrescente,Ceu Claro,Múltipla,Reta,Urbano,2007,2,0,1,0,1,0,1,2
288505,11/10/2007,Quinta,16:10:00,RN,101,107.3,PARNAMIRIM,Outras,Colisão traseira,Sem Vítimas,Pleno dia,Decrescente,Ceu Claro,Dupla,Cruzamento,Urbano,2007,2,0,0,0,2,0,0,2
288544,30/09/2007,Domingo,05:00:00,RN,226,122.7,LAJES PINTADAS,Outras,Colisão frontal,Com Vítimas Fatais,Amanhecer,Decrescente,Ceu Claro,Simples,Curva,Rural,2007,2,1,0,0,1,0,0,2
288585,11/10/2007,Quinta,21:00:00,RN,101,99.7,NATAL,Não guardar distância de segurança,Colisão traseira,Sem Vítimas,Plena noite,Crescente,Ceu Claro,Dupla,Reta,Urbano,2007,2,0,0,0,2,0,0,2
288775,12/10/2007,Sexta,08:30:00,RN,226,118.6,LAJES PINTADAS,Velocidade incompatível,Capotamento,Com Vítimas Feridas,Pleno dia,Crescente,Nublado,Simples,Curva,Rural,2007,2,0,2,0,0,0,2,1
288792,12/10/2007,Sexta,11:35:00,RN,101,114.9,SAO JOSE DE MIPIBU,Falta de atenção,Colisão traseira,Sem Vítimas,Pleno dia,Crescente,Nublado,Simples,Reta,Rural,2007,2,0,0,0,2,0,0,2
288838,06/10/2007,Sábado,14:00:00,RN,304,39.7,MOSSORO,Desobediência à sinalização,Colisão Transversal,Com Vítimas Feridas,Pleno dia,Crescente,Sol,Simples,Cruzamento,Urbano,2007,2,0,1,0,1,0,1,2
288850,08/10/2007,Segunda,13:45:00,RN,101,96.9,NATAL,Falta de atenção,Colisão traseira,Sem Vítimas,Pleno dia,Decrescente,Nublado,Dupla,Reta,Urbano,2007,3,0,0,0,3,0,0,3
288919,06/09/2007,Quinta,17:10:00,RN,101,83.4,NATAL,Falta de atenção,Colisão traseira,Sem Vítimas,Pleno dia,Decrescente,Ceu Claro,Dupla,Reta,Urbano,2007,3,0,0,0,3,0,0,3
289119,10/10/2007,Quarta,05:50:00,RN,101,115,SAO JOSE DE MIPIBU,Falta de atenção,Colisão lateral,Sem Vítimas,Pleno dia,Decrescente,Nublado,Simples,Reta,Rural,2007,2,0,0,0,2,0,0,2
289156,13/10/2007,Sábado,10:30:00,RN,101,85.8,NATAL,Falta de atenção,Colisão traseira,Sem Vítimas,Pleno dia,Crescente,Sol,Dupla,Reta,Urbano,2007,4,0,0,0,4,0,0,4
289162,11/10/2007,Quinta,14:50:00,RN,101,85.2,SAO GONCALO DO AMARANTE,Outras,Colisão traseira,Com Vítimas Feridas,Pleno dia,Crescente,Ceu Claro,Dupla,Reta,Urbano,2007,23,0,5,0,18,0,5,19
289465,09/10/2007,Terça,15:00:00,RN,101,124.8,SAO JOSE DE MIPIBU,Falta de atenção,Colisão lateral,Sem Vítimas,Pleno dia,Crescente,Ceu Claro,Simples,Reta,Urbano,2007,2,0,0,0,2,0,0,2
289558,14/10/2007,Domingo,15:00:00,RN,101,94,NATAL,Desobediência à sinalização,Colisão lateral,Sem Vítimas,Pleno dia,Crescente,Sol,Dupla,Reta,Urbano,2007,3,0,0,0,2,1,0,3
289592,06/10/2007,Sábado,13:20:00,RN,101,96.9,NATAL,Falta de atenção,Colisão traseira,Sem Vítimas,Pleno dia,Crescente,Nublado,Múltipla,Reta,Urbano,2007,2,0,0,0,2,0,0,2
289595,14/10/2007,Domingo,09:00:00,RN,101,84.5,NATAL,Outras,Colisão com bicicleta,Com Vítimas Feridas,Pleno dia,Decrescente,Ceu Claro,Múltipla,Reta,Urbano,2007,2,0,2,0,0,0,2,2