id,data_inversa,dia_semana,horario,uf,br,km,municipio,causa_acidente,tipo_acidente,classificacao_acidente,fase_dia,sentido_via,condicao_metereologica,tipo_pista,tracado_via,uso_solo,ano,pessoas,mortos,feridos_leves,feridos_graves,ilesos,ignorados,feridos,veiculos
298913,04/11/2007,Domingo,19:00:00,RN,101,85.5,NATAL,Não guardar distância de segurança,Colisão traseira,Sem Vítimas,Plena noite,Crescente,Ceu Claro,Dupla,Reta,Urbano,2007,2,0,0,0,2,0,0,2
298979,06/11/2007,Terça,11:15:00,RN,304,297.5,MACAIBA,Velocidade incompatível,Colisão com objeto fixo,Sem Vítimas,Pleno dia,Decrescente,Ceu Claro,Dupla,Cruzamento,Urbano,2007,1,0,0,0,1,0,0,1
299097,06/11/2007,Terça,18:20:00,RN,101,97.5,NATAL,Não guardar distância de segurança,Colisão traseira,Sem Vítimas,Anoitecer,Decrescente,Ceu Claro,Múltipla,Reta,Urbano,2007,3,0,0,0,2,1,0,3
299166,02/11/2007,Sexta,18:00:00,RN,101,109.8,PARNAMIRIM,Falta de atenção,Colisão Transversal,Com Vítimas Feridas,Anoitecer,Crescente,Ceu Claro,Simples,Reta,Rural,2007,2,0,1,0,1,0,1,2
299220,04/11/2007,Domingo,15:50:00,RN,101,82.6,SAO GONCALO DO AMARANTE,Não guardar distância de segurança,Colisão traseira,Com Vítimas Feridas,Pleno dia,Crescente,Ceu Claro,Dupla,Reta,Urbano,2007,3,0,0,1,2,0,1,3
299224,06/11/2007,Terça,14:45:00,RN,304,34.5,MOSSORO,Falta de atenção,Colisão com objeto fixo,Sem Vítimas,Amanhecer,Crescente,Ceu Claro,Simples,Reta,Urbano,2007,1,0,0,0,1,0,0,1
299297,07/11/2007,Quarta,10:50:00,RN,304,289.5,MACAIBA,Ultrapassagem indevida,Colisão lateral,Sem Vítimas,Pleno dia,Decrescente,Sol,Simples,Reta,Rural,2007,3,0,0,0,3,0,0,3
299408,07/11/2007,Quarta,15:15:00,RN,304,100.5,ASSU,Outras,Capotamento,Com Vítimas Feridas,Pleno dia,Crescente,Ceu Claro,Simples,Reta,Rural,2007,3,0,3,0,0,0,3,1
299465,31/10/2007,Quarta,20:45:00,RN,101,96.0,NATAL,Falta de atenção,Colisão com objeto fixo,Sem Vítimas,Plena noite,Decrescente,Nublado,Múltipla,Curva,Urbano,2007,1,0,0,0,1,0,0,1
299554,07/11/2007,Quarta,18:35:00,RN,226,125.3,LAJES PINTADAS,Ultrapassagem indevida,Colisão lateral,Sem Vítimas,Anoitecer,Crescente,Ceu Claro,Simples,Reta,Rural,2007,2,0,0,0,2,0,0,2
299606,04/11/2007,Domingo,23:00:00,RN,101,155.7,GOIANINHA,Outras,Colisão lateral,Com Vítimas Fatais,Plena noite,Decrescente,Ceu Claro,Simples,Reta,Rural,2007,3,1,0,1,1,0,1,2
299678,08/11/2007,Quinta,09:40:00,RN,101,97.9,NATAL,Não guardar distância de segurança,Colisão traseira,Sem Vítimas,Pleno dia,Decrescente,Ceu Claro,Dupla,Reta,Urbano,2007,2,0,0,0,2,0,0,2
299692,02/11/2007,Sexta,20:15:00,RN,406,169.5,SAO GONCALO DO AMARANTE,Ultrapassagem indevida,Colisão lateral,Com Vítimas Feridas,Plena noite,Crescente,Ceu Claro,Simples,Reta,Rural,2007,2,0,0,1,0,1,1,2
299729,05/11/2007,Segunda,16:30:00,RN,110,46.8,MOSSORO,Desobediência à sinalização,Colisão Transversal,Sem Vítimas,Pleno dia,Crescente,Sol,Simples,Cruzamento,Urbano,2007,2,0,0,0,2,0,0,2
299730,04/11/2007,Domingo,17:30:00,RN,226,37.0,MACAIBA,Ultrapassagem indevida,Colisão lateral,Com Vítimas Fatais,Anoitecer,Crescente,Ceu Claro,Simples,Reta,Rural,2007,2,1,0,0,0,1,0,2
299758,08/11/2007,Quinta,14:00:00,RN,101,99.6,NATAL,Falta de atenção,Colisão traseira,Sem Vítimas,Pleno dia,Crescente,Sol,Dupla,Reta,Urbano,2007,2,0,0,0,2,0,0,2
299764,08/11/2007,Quinta,13:20:00,RN,101,95.3,NATAL,Falta de atenção,Colisão lateral,Sem Vítimas,Pleno dia,Crescente,Ceu Claro,Múltipla,Cruzamento,Urbano,2007,2,0,0,0,2,0,0,2
299804,08/11/2007,Quinta,14:40:00,RN,101,99.9,NATAL,Não guardar distância de segurança,Colisão traseira,Com Vítimas Feridas,Pleno dia,Decrescente,Ceu Claro,Dupla,Reta,Urbano,2007,2,0,1,0,1,0,1,2
299892,02/11/2007,Sexta,22:20:00,RN,101,82.5,NATAL,Outras,Atropelamento de pessoa,Com Vítimas Feridas,Plena noite,Decrescente,Ceu Claro,Dupla,Reta,Urbano,2007,3,0,0,3,0,0,3,1
299911,08/11/2007,Quinta,15:00:00,RN,101,82.7,SAO GONCALO DO AMARANTE,Falta de atenção,Colisão traseira,Sem Vítimas,Pleno dia,Crescente,Ceu Claro,Dupla,Reta,Urbano,2007,2,0,0,0,2,0,0,2
299938,08/11/2007,Quinta,09:30:00,RN,101,97.8,NATAL,Falta de atenção,Colisão traseira,Sem Vítimas,Pleno dia,Decrescente,Ceu Claro,Dupla,Reta,Urbano,2007,2,0,0,0,2,0,0,2
299960,08/11/2007,Quinta,22:30:00,RN,406,151.5,CEARA-MIRIM,Falta de atenção,Colisão Transversal,Sem Vítimas,Plena noite,Decrescente,Ceu Claro,Simples,Curva,Urbano,2007,2,0,0,0,2,0,0,2
299989,05/11/2007,Segunda,14:40:00,RN,226,2.3,NATAL,Falta de atenção,Colisão traseira,Sem Vítimas,Pleno dia,Decrescente,Ceu Claro,Simples,Cruzamento,Urbano,2007,2,0,0,0,2,0,0,2
300011,09/11/2007,Sexta,04:40:00,RN,304,113.0,ASSU,Outras,Colisão com objeto fixo,Sem Vítimas,Plena noite,Decrescente,Ceu Claro,Simples,Reta,Rural,2007,2,0,0,0,1,1,0,2
300083,04/11/2007,Domingo,12:45:00,RN,406,170.0,NATAL,Outras,Colisão Transversal,Com Vítimas Feridas,Pleno dia,Crescente,Sol,Simples,Reta,Rural,2007,6,0,3,0,3,0,3,3
300088,09/11/2007,Sexta,08:14:00,RN,101,105.0,PARNAMIRIM,Não guardar distância de segurança,Colisão traseira,Com Vítimas Feridas,Pleno dia,Decrescente,Sol,Dupla,Reta,Urbano,2007,2,0,1,0,1,0,1,2
300128,09/11/2007,Sexta,14:20:00,RN,226,101.5,SANTA CRUZ,Dormindo,Colisão com objeto fixo,Com Vítimas Feridas,Pleno dia,Crescente,Ceu Claro,Simples,Reta,Rural,2007,2,0,1,0,1,0,1,1
300129,09/11/2007,Sexta,09:20:00,RN,101,99.8,NATAL,Falta de atenção,Colisão lateral,Sem Vítimas,Pleno dia,Decrescente,Ceu Claro,Dupla,Cruzamento,Urbano,2007,2,0,0,0,2,0,0,2
300186,09/11/2007,Sexta,09:30:00,RN,101,97.0,NATAL,Falta de atenção,Colisão Transversal,Sem Vítimas,Pleno dia,Crescente,Ceu Claro,Múltipla,Reta,Urbano,2007,2,0,0,0,2,0,0,2
300257,09/11/2007,Sexta,17:50:00,RN,101,163.3,CANGUARETAMA,Falta de atenção,Colisão traseira,Sem Vítimas,Plena noite,Crescente,Ceu Claro,Simples,Reta,Rural,2007,3,0,0,0,3,0,0,3
300265,09/11/2007,Sexta,21:05:00,RN,101,147.3,GOIANINHA,Outras,Colisão traseira,Sem Vítimas,Plena noite,Decrescente,Ceu Claro,Simples,Reta,Urbano,2007,2,0,0,0,2,0,0,2
300326,09/11/2007,Sexta,23:55:00,RN,304,39.4,MOSSORO,Outras,Colisão Transversal,Sem Vítimas,Plena noite,Crescente,Ceu Claro,Simples,Cruzamento,Rural,2007,1,0,0,0,1,0,0,1
300393,06/11/2007,Terça,13:45:00,RN,101,110.2,PARNAMIRIM,Não guardar distância de segurança,Colisão traseira,Sem Vítimas,Pleno dia,Decrescente,Sol,Simples,Reta,Rural,2007,2,0,0,0,2,0,0,2
300396,07/11/2007,Quarta,06:45:00,RN,101,85.1,NATAL,Falta de atenção,Colisão Transversal,Sem Vítimas,Pleno dia,Crescente,Ceu Claro,Dupla,Reta,Urbano,2007,2,0,0,0,2,0,0,2
300397,06/11/2007,Terça,16:10:00,RN,101,96.9,NATAL,Falta de atenção,Colisão traseira,Com Vítimas Feridas,Pleno dia,Crescente,Ceu Claro,Dupla,Reta,Urbano,2007,3,0,1,0,2,0,1,2
300411,06/11/2007,Terça,16:40:00,RN,110,48.3,MOSSORO,Não guardar distância de segurança,Colisão traseira,Sem Vítimas,Pleno dia,Crescente,Ceu Claro,Dupla,Reta,Urbano,2007,2,0,0,0,2,0,0,2
300430,10/11/2007,Sábado,10:50:00,RN,101,95.4,NATAL,Outras,Colisão lateral,Sem Vítimas,Pleno dia,Crescente,Sol,Múltipla,Reta,Urbano,2007,2,0,0,0,2,0,0,2
300442,07/11/2007,Quarta,01:00:00,RN,304,215.8,CAICARA DO RIO DO VENTO,Ultrapassagem indevida,Tombamento,Com Vítimas Feridas,Plena noite,Decrescente,Ceu Claro,Simples,Reta,Rural,2007,3,0,0,1,0,2,1,3
300480,10/11/2007,Sábado,14:00:00,RN,226,3.2,NATAL,Falta de atenção,Colisão traseira,Sem Vítimas,Pleno dia,Crescente,Sol,Simples,Reta,Urbano,2007,2,0,0,0,2,0,0,2
300496,10/11/2007,Sábado,14:40:00,RN,101,96.0,NATAL,Não guardar distância de segurança,Colisão lateral,Sem Vítimas,Pleno dia,Crescente,Ceu Claro,Dupla,Reta,Urbano,2007,2,0,0,0,2,0,0,2
300580,10/11/2007,Sábado,18:30:00,RN,110,48.3,MOSSORO,Desobediência à sinalização,Colisão Transversal,Com Vítimas Feridas,Plena noite,Decrescente,Ceu Claro,Simples,Cruzamento,Urbano,2007,2,0,1,0,0,1,1,2
300594,10/11/2007,Sábado,10:15:00,RN,101,109.8,PARNAMIRIM,Outras,Colisão traseira,Sem Vítimas,Pleno dia,Crescente,Ceu Claro,Simples,Cruzamento,Rural,2007,2,0,0,0,2,0,0,2
300622,04/11/2007,Domingo,18:00:00,RN,226,175.4,CURRAIS NOVOS,Não guardar distância de segurança,Colisão traseira,Com Vítimas Feridas,Plena noite,Crescente,Ceu Claro,Simples,Reta,Urbano,2007,3,0,2,0,1,0,2,2
300745,09/11/2007,Sexta,18:30:00,RN,304,174.6,ANGICOS,Não guardar distância de segurança,Colisão Transversal,Com Vítimas Feridas,Plena noite,Decrescente,Vento,Simples,Reta,Rural,2007,2,0,1,0,1,0,1,2
300750,09/11/2007,Sexta,05:30:00,RN,304,39.2,MOSSORO,Outras,Colisão Transversal,Sem Vítimas,Amanhecer,Crescente,Sol,Simples,Cruzamento,Urbano,2007,2,0,0,0,1,1,0,2
300793,07/11/2007,Quarta,17:15:00,RN,101,107.7,PARNAMIRIM,Falta de atenção,Colisão lateral,Sem Vítimas,Anoitecer,Decrescente,Nublado,Dupla,Cruzamento,Urbano,2007,2,0,0,0,2,0,0,2
300887,11/11/2007,Domingo,09:40:00,RN,304,287.5,MACAIBA,Outras,Colisão lateral,Com Vítimas Feridas,Pleno dia,Decrescente,Ceu Claro,Simples,Reta,Rural,2007,2,0,0,1,1,0,1,2
300890,09/11/2007,Sexta,17:50:00,RN,226,135.0,CAMPO REDONDO,Outras,Atropelamento de pessoa,Com Vítimas Feridas,Anoitecer,Crescente,Ceu Claro,Simples,Curva,Rural,2007,2,0,0,1,0,1,1,1
300897,07/11/2007,Quarta,15:35:00,RN,101,116.8,SAO JOSE DE MIPIBU,Falta de atenção,Colisão lateral,Com Vítimas Feridas,Pleno dia,Decrescente,Ceu Claro,Simples,Reta,Rural,2007,2,0,1,0,1,0,1,2
300929,11/11/2007,Domingo,15:50:00,RN,101,106.0,PARNAMIRIM,Outras,Colisão Transversal,Com Vítimas Feridas,Pleno dia,Crescente,Ceu Claro,Dupla,Cruzamento,Urbano,2007,2,0,1,0,1,0,1,2
300931,11/11/2007,Domingo,17:20:00,RN,304,30.6,MOSSORO,Outras,Colisão Transversal,Com Vítimas Feridas,Pleno dia,Crescente,Sol,Simples,Cruzamento,Rural,2007,2,0,1,0,1,0,1,2
300943,11/11/2007,Domingo,15:50:00,RN,101,57.6,CEARA-MIRIM,Falta de atenção,Colisão Transversal,Com Vítimas Feridas,Pleno dia,Crescente,Ceu Claro,Simples,Cruzamento,Rural,2007,3,0,2,0,1,0,2,2
301059,11/11/2007,Domingo,16:10:00,RN,101,128.2,SAO JOSE DE MIPIBU,Não guardar distância de segurança,Colisão traseira,Sem Vítimas,Pleno dia,Decrescente,Sol,Simples,Reta,Urbano,2007,5,0,0,0,5,0,0,5
301066,11/11/2007,Domingo,17:35:00,RN,101,107.0,PARNAMIRIM,Falta de atenção,Colisão traseira,Com Vítimas Feridas,Anoitecer,Decrescente,Ceu Claro,Dupla,Cruzamento,Urbano,2007,3,0,1,0,2,0,1,2
301092,09/11/2007,Sexta,15:40:00,RN,304,295.9,MACAIBA,Outras,Colisão Transversal,Sem Vítimas,Pleno dia,Crescente,Ceu Claro,Simples,Reta,Urbano,2007,2,0,0,0,1,1,0,2
301214,12/11/2007,Segunda,08:30:00,RN,406,104.0,JOAO CAMARA,Outras,Colisão lateral,Com Vítimas Feridas,Pleno dia,Crescente,Ceu Claro,Simples,Reta,Urbano,2007,3,0,2,0,1,0,2,2
301228,12/11/2007,Segunda,07:00:00,RN,405,1.9,MOSSORO,Desobediência à sinalização,Colisão Transversal,Com Vítimas Fatais,Pleno dia,Decrescente,Ceu Claro,Dupla,Reta,Urbano,2007,3,2,0,0,1,0,0,2
301239,12/11/2007,Segunda,07:15:00,RN,101,124.5,SAO JOSE DE MIPIBU,Falta de atenção,Colisão traseira,Com Vítimas Feridas,Pleno dia,Decrescente,Ceu Claro,Simples,Reta,Urbano,2007,4,0,1,1,2,0,2,3
301240,30/10/2007,Terça,18:30:00,RN,406,161.0,CEARA-MIRIM,Ingestão de álcool,Tombamento,Com Vítimas Feridas,Plena noite,Crescente,Ceu Claro,Simples,Reta,Rural,2007,1,0,0,1,0,0,1,1
301255,11/11/2007,Domingo,12:50:00,RN,304,47.5,MOSSORO,Ultrapassagem indevida,Colisão lateral,Com Vítimas Feridas,Pleno dia,Crescente,Sol,Simples,Cruzamento,Urbano,2007,2,0,1,0,1,0,1,2
301291,09/11/2007,Sexta,03:50:00,RN,304,37.9,MOSSORO,Outras,Colisão Transversal,Com Vítimas Feridas,Plena noite,Decrescente,Ceu Claro,Simples,Reta,Urbano,2007,2,0,1,0,1,0,1,2
301383,12/11/2007,Segunda,18:05:00,RN,304,59.0,MOSSORO,Animais na Pista,Atropelamento de animal,Com Vítimas Feridas,Anoitecer,Crescente,Ceu Claro,Simples,Reta,Urbano,2007,1,0,1,0,0,0,1,1
301403,12/11/2007,Segunda,18:30:00,RN,101,100.6,NATAL,Outras,Atropelamento de pessoa,Com Vítimas Feridas,Plena noite,Crescente,Ceu Claro,Múltipla,Reta,Urbano,2007,2,0,0,2,0,0,2,1
301492,07/11/2007,Quarta,18:45:00,RN,406,168.8,SAO GONCALO DO AMARANTE,Outras,Colisão lateral,Sem Vítimas,Plena noite,Decrescente,Nublado,Simples,Reta,Rural,2007,2,0,0,0,2,0,0,2
301510,26/10/2007,Sexta,11:40:00,RN,101,82.9,NATAL,Falta de atenção,Colisão traseira,Sem Vítimas,Pleno dia,Crescente,Sol,Múltipla,Cruzamento,Urbano,2007,2,0,0,0,2,0,0,2
301521,07/11/2007,Quarta,17:15:00,RN,101,81.6,SAO GONCALO DO AMARANTE,Outras,Colisão Transversal,Com Vítimas Feridas,Plena noite,Crescente,Nublado,Dupla,Reta,Urbano,2007,3,0,0,1,1,1,1,3
301557,09/11/2007,Sexta,18:30:00,RN,101,83.2,NATAL,Não guardar distância de segurança,Colisão traseira,Sem Vítimas,Plena noite,Decrescente,Ceu Claro,Dupla,Reta,Urbano,2007,2,0,0,0,2,0,0,2
301619,07/11/2007,Quarta,21:30:00,RN,405,152.5,PAU DOS FERROS,Falta de atenção,Colisão traseira,Sem Vítimas,Plena noite,Decrescente,Ceu Claro,Simples,Reta,Urbano,2007,2,0,0,0,2,0,0,2
301633,09/11/2007,Sexta,14:40:00,RN,226,240.8,JUCURUTU,Desobediência à sinalização,Colisão Transversal,Com Vítimas Feridas,Pleno dia,Crescente,Ceu Claro,Simples,Reta,Rural,2007,3,0,1,1,0,1,2,2
301751,13/11/2007,Terça,11:30:00,RN,101,129.3,SAO JOSE DE MIPIBU,Falta de atenção,Colisão traseira,Sem Vítimas,Pleno dia,Decrescente,Sol,Simples,Reta,Rural,2007,3,0,0,0,3,0,0,3
301823,13/11/2007,Terça,12:30:00,RN,101,97.0,NATAL,Não guardar distância de segurança,Colisão traseira,Sem Vítimas,Pleno dia,Decrescente,Nublado,Dupla,Reta,Urbano,2007,2,0,0,0,2,0,0,2
301839,13/11/2007,Terça,16:30:00,RN,101,147.4,GOIANINHA,Falta de atenção,Colisão Transversal,Sem Vítimas,Pleno dia,Decrescente,Nublado,Simples,Cruzamento,Urbano,2007,2,0,0,0,2,0,0,2
301902,11/11/2007,Domingo,00:45:00,RN,101,94.2,NATAL,Falta de atenção,Colisão traseira,Com Vítimas Feridas,Plena noite,Crescente,Ceu Claro,Dupla,Reta,Urbano,2007,3,0,1,0,0,2,1,3
301906,10/11/2007,Sábado,16:40:00,RN,101,97.6,NATAL,Falta de atenção,Colisão lateral,Com Vítimas Feridas,Pleno dia,Crescente,Ceu Claro,Dupla,Reta,Urbano,2007,2,0,1,0,1,0,1,2
301956,14/11/2007,Quarta,05:30:00,RN,304,187.4,LAJES,Dormindo,Colisão lateral,Com Vítimas Feridas,Amanhecer,Decrescente,Nublado,Simples,Curva,Rural,2007,2,0,1,0,1,0,1,2
301963,10/11/2007,Sábado,07:40:00,RN,101,85.5,SAO GONCALO DO AMARANTE,Não guardar distância de segurança,Colisão traseira,Sem Vítimas,Pleno dia,Crescente,Ceu Claro,Dupla,Reta,Urbano,2007,4,0,0,0,4,0,0,4
301971,11/11/2007,Domingo,14:30:00,RN,101,94.5,NATAL,Não guardar distância de segurança,Colisão traseira,Sem Vítimas,Pleno dia,Crescente,Ceu Claro,Múltipla,Reta,Urbano,2007,2,0,0,0,2,0,0,2
301977,14/11/2007,Quarta,08:25:00,RN,101,101.8,PARNAMIRIM,Desobediência à sinalização,Colisão Transversal,Sem Vítimas,Pleno dia,Decrescente,Nublado,Dupla,Cruzamento,Urbano,2007,2,0,0,0,2,0,0,2
301984,14/11/2007,Quarta,09:00:00,RN,406,138.9,TAIPU,Falta de atenção,Colisão traseira,Sem Vítimas,Pleno dia,Crescente,Chuva,Simples,Reta,Rural,2007,2,0,0,0,2,0,0,2
301986,10/11/2007,Sábado,22:20:00,RN,101,96.3,NATAL,Não guardar distância de segurança,Colisão traseira,Sem Vítimas,Plena noite,Crescente,Nublado,Dupla,Reta,Urbano,2007,3,0,0,0,2,1,0,3
302044,10/11/2007,Sábado,10:05:00,RN,101,109.8,PARNAMIRIM,Outras,Colisão Transversal,Sem Vítimas,Pleno dia,Crescente,Sol,Simples,Reta,Rural,2007,2,0,0,0,2,0,0,2
302051,10/11/2007,Sábado,20:15:00,RN,101,116.5,SAO JOSE DE MIPIBU,Falta de atenção,Colisão Transversal,Sem Vítimas,Plena noite,Decrescente,Ceu Claro,Simples,Reta,Rural,2007,2,0,0,0,2,0,0,2
302053,14/11/2007,Quarta,11:20:00,RN,101,84.2,NATAL,Outras,Colisão lateral,Sem Vítimas,Pleno dia,Decrescente,Sol,Dupla,Reta,Urbano,2007,2,0,0,0,2,0,0,2
302133,14/11/2007,Quarta,09:00:00,RN,101,96.5,NATAL,Outras,Colisão com bicicleta,Com Vítimas Feridas,Pleno dia,Crescente,Nublado,Dupla,Curva,Urbano,2007,3,0,0,1,1,1,1,3
302136,14/11/2007,Quarta,15:00:00,RN,101,97.1,NATAL,Não guardar distância de segurança,Colisão traseira,Sem Vítimas,Pleno dia,Decrescente,Sol,Dupla,Reta,Urbano,2007,4,0,0,0,4,0,0,4
302162,11/11/2007,Domingo,20:00:00,RN,304,44.3,MOSSORO,Outras,Colisão frontal,Com Vítimas Feridas,Plena noite,Decrescente,Ceu Claro,Simples,Reta,Urbano,2007,1,0,0,1,0,0,1,1
302173,05/11/2007,Segunda,22:00:00,RN,110,45.5,MOSSORO,Outras,Colisão com bicicleta,Com Vítimas Feridas,Plena noite,Crescente,Ceu Claro,Simples,Reta,Urbano,2007,2,0,2,0,0,0,2,2
302263,15/11/2007,Quinta,00:50:00,RN,101,99.9,NATAL,Desobediência à sinalização,Colisão Transversal,Sem Vítimas,Plena noite,Crescente,Chuva,Dupla,Cruzamento,Urbano,2007,2,0,0,0,2,0,0,2
302340,11/11/2007,Domingo,15:00:00,RN,405,1.9,MOSSORO,Outras,Colisão lateral,Sem Vítimas,Pleno dia,Crescente,Sol,Dupla,Cruzamento,Urbano,2007,2,0,0,0,1,1,0,2
302365,12/11/2007,Segunda,07:10:00,RN,101,103.3,PARNAMIRIM,Outras,Atropelamento de pessoa,Com Vítimas Feridas,Pleno dia,Decrescente,Ceu Claro,Dupla,Reta,Urbano,2007,3,0,2,1,0,0,3,1
302405,08/11/2007,Quinta,07:20:00,RN,101,80.6,NATAL,Falta de atenção,Colisão Transversal,Com Vítimas Feridas,Pleno dia,Decrescente,Ceu Claro,Dupla,Cruzamento,Urbano,2007,3,0,1,1,1,0,2,2
302426,11/11/2007,Domingo,15:20:00,RN,101,116.5,SAO JOSE DE MIPIBU,Falta de atenção,Colisão lateral,Sem Vítimas,Pleno dia,Crescente,Sol,Simples,Cruzamento,Rural,2007,2,0,0,0,2,0,0,2
302433,03/11/2007,Sábado,19:50:00,RN,406,130.7,TAIPU,Falta de atenção,Saída de Pista,Sem Vítimas,Plena noite,Decrescente,Ceu Claro,Simples,Curva,Rural,2007,1,0,0,0,1,0,0,1
302572,15/11/2007,Quinta,15:10:00,RN,304,29.9,MOSSORO,Outras,Colisão Transversal,Sem Vítimas,Pleno dia,Decrescente,Sol,Simples,Cruzamento,Rural,2007,2,0,0,0,1,1,0,2
302592,15/11/2007,Quinta,14:40:00,RN,101,95.0,NATAL,Falta de atenção,Colisão lateral,Sem Vítimas,Pleno dia,Crescente,Ceu Claro,Múltipla,Curva,Urbano,2007,2,0,0,0,2,0,0,2
302632,15/11/2007,Quinta,18:30:00,RN,101,84.8,SAO GONCALO DO AMARANTE,Outras,Colisão Transversal,Sem Vítimas,Plena noite,Crescente,Ceu Claro,Dupla,Reta,Urbano,2007,2,0,0,0,2,0,0,2
302703,15/11/2007,Quinta,14:15:00,RN,304,98.7,ASSU,Dormindo,Saída de Pista,Com Vítimas Feridas,Pleno dia,Decrescente,Sol,Simples,Reta,Rural,2007,1,0,1,0,0,0,1,1
302704,15/11/2007,Quinta,13:00:00,RN,101,99.9,NATAL,Falta de atenção,Colisão Transversal,Com Vítimas Feridas,Pleno dia,Crescente,Ceu Claro,Dupla,Cruzamento,Urbano,2007,2,0,1,0,0,1,1,2
302778,08/11/2007,Quinta,08:15:00,RN,101,97.0,NATAL,Outras,Colisão traseira,Com Vítimas Feridas,Pleno dia,Crescente,Ceu Claro,Dupla,Reta,Urbano,2007,2,0,1,0,1,0,1,2
302781,12/11/2007,Segunda,15:00:00,RN,304,62.0,MOSSORO,Falta de atenção,Atropelamento de pessoa,Com Vítimas Fatais,Pleno dia,Crescente,Ceu Claro,Simples,Reta,Rural,2007,2,1,0,0,0,1,0,1
302834,16/11/2007,Sexta,13:05:00,RN,101,97.8,NATAL,Não guardar distância de segurança,Colisão traseira,Com Vítimas Feridas,Pleno dia,Crescente,Ceu Claro,Dupla,Reta,Urbano,2007,2,0,1,0,1,0,1,2
302852,13/11/2007,Terça,06:25:00,RN,101,96.0,NATAL,Outras,Colisão lateral,Com Vítimas Feridas,Pleno dia,Decrescente,Ceu Claro,Dupla,Curva,Urbano,2007,2,0,1,0,1,0,1,2
302966,08/11/2007,Quinta,15:15:00,RN,101,97.0,NATAL,Não guardar distância de segurança,Colisão lateral,Sem Vítimas,Pleno dia,Crescente,Ceu Claro,Dupla,Reta,Urbano,2007,2,0,0,0,2,0,0,2
303045,16/11/2007,Sexta,17:50:00,RN,110,6.0,AREIA BRANCA,Animais na Pista,Atropelamento de animal,Sem Vítimas,Anoitecer,Crescente,Ceu Claro,Simples,Reta,Rural,2007,1,0,0,0,1,0,0,1
303110,10/11/2007,Sábado,01:30:00,RN,304,307.7,PARNAMIRIM,Falta de atenção,Colisão com objeto fixo,Sem Vítimas,Plena noite,Decrescente,Ceu Claro,Dupla,Curva,Urbano,2007,1,0,0,0,1,0,0,1
303114,15/11/2007,Quinta,22:00:00,RN,101,122.7,SAO JOSE DE MIPIBU,Outras,Capotamento,Com Vítimas Fatais,Plena noite,Crescente,Ceu Claro,Simples,Reta,Rural,2007,2,1,1,0,0,0,1,1
303163,09/11/2007,Sexta,22:00:00,RN,101,97.9,NATAL,Falta de atenção,Colisão lateral,Sem Vítimas,Plena noite,Decrescente,Nublado,Simples,Cruzamento,Urbano,2007,2,0,0,0,2,0,0,2
303167,17/11/2007,Sábado,12:00:00,RN,101,84.7,NATAL,Não guardar distância de segurança,Colisão traseira,Com Vítimas Feridas,Pleno dia,Decrescente,Ceu Claro,Simples,Reta,Urbano,2007,3,0,1,1,1,0,2,2
303209,15/11/2007,Quinta,07:50:00,RN,101,84.9,NATAL,Falta de atenção,Colisão lateral,Sem Vítimas,Pleno dia,Decrescente,Ceu Claro,Dupla,Reta,Urbano,2007,2,0,0,0,2,0,0,2
303279,17/11/2007,Sábado,18:00:00,RN,101,118.7,SAO JOSE DE MIPIBU,Outras,Tombamento,Com Vítimas Feridas,Anoitecer,Decrescente,Ceu Claro,Simples,Reta,Rural,2007,1,0,1,0,0,0,1,1
303364,17/11/2007,Sábado,15:45:00,RN,101,106.5,PARNAMIRIM,Outras,Colisão Transversal,Sem Vítimas,Pleno dia,Crescente,Ceu Claro,Dupla,Reta,Urbano,2007,2,0,0,0,2,0,0,2
303633,13/11/2007,Terça,12:10:00,RN,101,100.8,PARNAMIRIM,Defeito mecânico em veículo,Queda de motocicleta / bicicleta / veículo,Com Vítimas Feridas,Pleno dia,Decrescente,Nublado,Dupla,Curva,Urbano,2007,1,0,0,1,0,0,1,1
303654,13/11/2007,Terça,15:30:00,RN,226,6.5,MACAIBA,Não guardar distância de segurança,Colisão traseira,Com Vítimas Feridas,Pleno dia,Crescente,Nublado,Simples,Cruzamento,Rural,2007,3,0,2,1,0,0,3,2
303675,13/11/2007,Terça,11:45:00,RN,101,96.8,NATAL,Outras,Colisão lateral,Sem Vítimas,Pleno dia,Crescente,Nublado,Dupla,Reta,Urbano,2007,2,0,0,0,2,0,0,2
303737,18/11/2007,Domingo,17:50:00,RN,101,57.6,CEARA-MIRIM,Falta de atenção,Colisão Transversal,Sem Vítimas,Anoitecer,Decrescente,Ceu Claro,Simples,Reta,Urbano,2007,2,0,0,0,2,0,0,2
303767,18/11/2007,Domingo,15:40:00,RN,226,61.7,SENADOR ELOI DE SOUZA,Desobediência à sinalização,Colisão lateral,Sem Vítimas,Pleno dia,Decrescente,Sol,Simples,Cruzamento,Rural,2007,2,0,0,0,2,0,0,2
303776,18/11/2007,Domingo,16:30:00,RN,101,143.4,GOIANINHA,Falta de atenção,Colisão lateral,Sem Vítimas,Pleno dia,Decrescente,Ceu Claro,Simples,Reta,Urbano,2007,2,0,0,0,2,0,0,2