id,data_inversa,dia_semana,horario,uf,br,km,municipio,causa_acidente,tipo_acidente,classificacao_acidente,fase_dia,sentido_via,condicao_metereologica,tipo_pista,tracado_via,uso_solo,ano,pessoas,mortos,feridos_leves,feridos_graves,ilesos,ignorados,feridos,veiculos
314561,10/09/2007,Segunda,22:00:00,RN,101,95.7,NATAL,Falta de atenção,Colisão lateral,Sem Vítimas,Plena noite,Crescente,Chuva,Dupla,Reta,Urbano,2007,2,0,0,0,2,0,0,2
314639,14/12/2007,Sexta,10:20:00,RN,101,98.7,NATAL,Outras,Atropelamento de pessoa,Com Vítimas Feridas,Pleno dia,Crescente,Ceu Claro,Dupla,Reta,Urbano,2007,3,0,1,2,0,0,3,1
314640,02/12/2007,Domingo,21:20:00,RN,304,4.7,MOSSORO,Ingestão de álcool,Saída de Pista,Sem Vítimas,Plena noite,Crescente,Ceu Claro,Dupla,Cruzamento,Urbano,2007,1,0,0,0,1,0,0,1
314649,14/12/2007,Sexta,16:15:00,RN,101,97.9,NATAL,Outras,Colisão lateral,Com Vítimas Feridas,Pleno dia,Crescente,Ceu Claro,Múltipla,Cruzamento,Urbano,2007,2,0,1,0,1,0,1,2
314726,14/12/2007,Sexta,19:40:00,RN,101,96.6,NATAL,Não guardar distância de segurança,Colisão lateral,Sem Vítimas,Anoitecer,Decrescente,Nublado,Dupla,Curva,Urbano,2007,2,0,0,0,2,0,0,2
314745,14/12/2007,Sexta,18:10:00,RN,405,1.1,MOSSORO,Não guardar distância de segurança,Colisão traseira,Com Vítimas Feridas,Anoitecer,Crescente,Ceu Claro,Dupla,Reta,Urbano,2007,2,0,1,0,0,1,1,2
314818,01/12/2007,Sábado,11:15:00,RN,101,48.0,MAXARANGUAPE,Defeito mecânico em veículo,Capotamento,Com Vítimas Feridas,Pleno dia,Decrescente,Ceu Claro,Simples,Reta,Rural,2007,3,0,1,2,0,0,3,1
314840,11/12/2007,Terça,18:40:00,RN,101,104.4,PARNAMIRIM,Não guardar distância de segurança,Colisão traseira,Sem Vítimas,Plena noite,Crescente,Ceu Claro,Dupla,Reta,Urbano,2007,2,0,0,0,1,1,0,2
314933,15/12/2007,Sábado,10:00:00,RN,101,107.0,PARNAMIRIM,Defeito mecânico em veículo,Colisão traseira,Sem Vítimas,Pleno dia,Decrescente,Ceu Claro,Dupla,Cruzamento,Urbano,2007,2,0,0,0,2,0,0,2
314944,15/12/2007,Sábado,09:50:00,RN,110,47.6,MOSSORO,Falta de atenção,Tombamento,Com Vítimas Feridas,Pleno dia,Crescente,Ceu Claro,Simples,Reta,Urbano,2007,1,0,1,0,0,0,1,1
315084,07/12/2007,Sexta,14:00:00,RN,101,96.7,NATAL,Falta de atenção,Colisão Transversal,Sem Vítimas,Pleno dia,Crescente,Sol,Múltipla,Cruzamento,Urbano,2007,2,0,0,0,2,0,0,2
315097,15/12/2007,Sábado,13:15:00,RN,101,143.0,ARES,Ultrapassagem indevida,Colisão frontal,Sem Vítimas,Pleno dia,Decrescente,Ceu Claro,Simples,Reta,Rural,2007,2,0,0,0,2,0,0,2
315132,15/12/2007,Sábado,05:40:00,RN,304,136.3,ANGICOS,Outras,Capotamento,Com Vítimas Feridas,Amanhecer,Decrescente,Sol,Simples,Reta,Rural,2007,2,0,2,0,0,0,2,1
315175,07/12/2007,Sexta,16:00:00,RN,304,287.4,MACAIBA,Não guardar distância de segurança,Colisão traseira,Sem Vítimas,Pleno dia,Decrescente,Sol,Simples,Reta,Rural,2007,2,0,0,0,2,0,0,2
315176,15/12/2007,Sábado,21:20:00,RN,101,97.0,NATAL,Falta de atenção,Colisão traseira,Sem Vítimas,Plena noite,Decrescente,Ceu Claro,Dupla,Reta,Urbano,2007,2,0,0,0,1,1,0,2
315217,11/12/2007,Terça,18:15:00,RN,101,97.1,NATAL,Falta de atenção,Colisão traseira,Sem Vítimas,Plena noite,Decrescente,Ceu Claro,Múltipla,Cruzamento,Urbano,2007,2,0,0,0,2,0,0,2
315238,11/12/2007,Terça,18:30:00,RN,101,98.0,NATAL,Falta de atenção,Colisão traseira,Sem Vítimas,Plena noite,Crescente,Ceu Claro,Múltipla,Reta,Urbano,2007,4,0,0,0,4,0,0,4
315241,15/12/2007,Sábado,20:00:00,RN,304,128.7,ITAJA,Animais na Pista,Atropelamento de animal,Sem Vítimas,Plena noite,Crescente,Nublado,Simples,Reta,Rural,2007,1,0,0,0,1,0,0,1
315393,16/12/2007,Domingo,08:00:00,RN,304,106.1,PARAU,Ultrapassagem indevida,Colisão lateral,Sem Vítimas,Pleno dia,Decrescente,Sol,Simples,Cruzamento,Rural,2007,2,0,0,0,1,1,0,2
315479,16/12/2007,Domingo,11:20:00,RN,101,149.2,GOIANINHA,Falta de atenção,Colisão traseira,Sem Vítimas,Pleno dia,Crescente,Ceu Claro,Simples,Reta,Urbano,2007,2,0,0,0,2,0,0,2
315503,13/12/2007,Quinta,20:30:00,RN,304,36.0,MOSSORO,Outras,Colisão lateral,Com Vítimas Feridas,Plena noite,Decrescente,Ceu Claro,Simples,Reta,Urbano,2007,2,0,1,0,1,0,1,2
315572,16/12/2007,Domingo,18:10:00,RN,101,85.6,NATAL,Falta de atenção,Colisão lateral,Sem Vítimas,Plena noite,Crescente,Ceu Claro,Dupla,Reta,Urbano,2007,2,0,0,0,2,0,0,2
315675,16/12/2007,Domingo,19:20:00,RN,101,101.8,PARNAMIRIM,Falta de atenção,Colisão traseira,Sem Vítimas,Plena noite,Decrescente,Ceu Claro,Dupla,Cruzamento,Urbano,2007,2,0,0,0,2,0,0,2
315787,13/12/2007,Quinta,18:15:00,RN,101,105.9,PARNAMIRIM,Falta de atenção,Colisão Transversal,Sem Vítimas,Plena noite,Crescente,Ceu Claro,Dupla,Cruzamento,Urbano,2007,2,0,0,0,2,0,0,2
315840,14/12/2007,Sexta,02:00:00,RN,101,101.4,PARNAMIRIM,Falta de atenção,Colisão traseira,Com Vítimas Feridas,Plena noite,Crescente,Nublado,Dupla,Reta,Urbano,2007,3,0,2,0,1,0,2,2
315888,17/12/2007,Segunda,13:30:00,RN,304,35.4,MOSSORO,Falta de atenção,Colisão lateral,Sem Vítimas,Pleno dia,Crescente,Nublado,Dupla,Cruzamento,Urbano,2007,2,0,0,0,2,0,0,2
315941,13/12/2007,Quinta,18:15:00,RN,101,102.4,PARNAMIRIM,Falta de atenção,Colisão traseira,Sem Vítimas,Plena noite,Decrescente,Ceu Claro,Dupla,Reta,Urbano,2007,2,0,0,0,2,0,0,2
315978,16/12/2007,Domingo,16:05:00,RN,304,236.6,RIACHUELO,Ingestão de álcool,Colisão Transversal,Com Vítimas Feridas,Pleno dia,Decrescente,Sol,Simples,Cruzamento,Rural,2007,10,0,5,4,1,0,9,2
316104,17/12/2007,Segunda,18:10:00,RN,101,96.1,NATAL,Não guardar distância de segurança,Colisão traseira,Sem Vítimas,Plena noite,Crescente,Ceu Claro,Múltipla,Reta,Urbano,2007,2,0,0,0,2,0,0,2
316150,17/12/2007,Segunda,19:15:00,RN,101,96.4,NATAL,Falta de atenção,Colisão traseira,Sem Vítimas,Plena noite,Crescente,Ceu Claro,Múltipla,Reta,Urbano,2007,3,0,0,0,3,0,0,3
316198,14/12/2007,Sexta,16:05:00,RN,304,36.0,MOSSORO,Desobediência à sinalização,Colisão Transversal,Com Vítimas Feridas,Pleno dia,Decrescente,Chuva,Simples,Reta,Urbano,2007,6,0,4,0,2,0,4,4
316244,14/12/2007,Sexta,15:15:00,RN,405,1.6,MOSSORO,Falta de atenção,Colisão traseira,Sem Vítimas,Pleno dia,Crescente,Chuva,Dupla,Reta,Urbano,2007,2,0,0,0,2,0,0,2
316258,14/12/2007,Sexta,19:00:00,RN,226,82.3,TANGARA,Outras,Colisão traseira,Com Vítimas Fatais,Plena noite,Crescente,Ceu Claro,Simples,Reta,Urbano,2007,2,1,0,0,0,1,0,2
316330,18/12/2007,Terça,10:40:00,RN,304,297.0,MACAIBA,Não guardar distância de segurança,Colisão traseira,Sem Vítimas,Pleno dia,Decrescente,Ceu Claro,Simples,Reta,Urbano,2007,2,0,0,0,2,0,0,2
316360,18/12/2007,Terça,09:50:00,RN,406,169.8,SAO GONCALO DO AMARANTE,Falta de atenção,Colisão traseira,Sem Vítimas,Pleno dia,Crescente,Ceu Claro,Simples,Reta,Urbano,2007,2,0,0,0,2,0,0,2
316375,10/12/2007,Segunda,13:30:00,RN,110,48.5,MOSSORO,Falta de atenção,Colisão Transversal,Com Vítimas Feridas,Pleno dia,Crescente,Ceu Claro,Dupla,Reta,Urbano,2007,3,0,1,1,1,0,2,2
317636,15/12/2007,Sábado,21:40:00,RN,101,99.9,NATAL,Outras,Colisão traseira,Sem Vítimas,Plena noite,Crescente,Ceu Claro,Dupla,Cruzamento,Urbano,2007,2,0,0,0,2,0,0,2
317681,19/12/2007,Quarta,14:05:00,RN,101,99.8,NATAL,Outras,Colisão Transversal,Sem Vítimas,Pleno dia,Crescente,Ceu Claro,Múltipla,Reta,Urbano,2007,2,0,0,0,2,0,0,2
317721,17/12/2007,Segunda,06:40:00,RN,406,168.6,SAO GONCALO DO AMARANTE,Falta de atenção,Colisão Transversal,Com Vítimas Feridas,Pleno dia,Crescente,Ceu Claro,Simples,Reta,Rural,2007,3,0,1,1,1,0,2,2
317756,19/12/2007,Quarta,17:00:00,RN,304,36.0,MOSSORO,Ultrapassagem indevida,Colisão lateral,Com Vítimas Feridas,Pleno dia,Decrescente,Ceu Claro,Dupla,Reta,Urbano,2007,2,0,1,0,0,1,1,2
317844,19/12/2007,Quarta,19:05:00,RN,304,35.5,MOSSORO,Falta de atenção,Colisão com bicicleta,Com Vítimas Fatais,Plena noite,Crescente,Ceu Claro,Simples,Reta,Rural,2007,1,1,0,0,0,0,0,1
317862,19/12/2007,Quarta,10:30:00,RN,101,95.9,NATAL,Não guardar distância de segurança,Colisão lateral,Sem Vítimas,Pleno dia,Crescente,Ceu Claro,Múltipla,Reta,Urbano,2007,2,0,0,0,2,0,0,2
317947,20/12/2007,Quinta,06:50:00,RN,101,84.7,NATAL,Falta de atenção,Colisão traseira,Com Vítimas Feridas,Pleno dia,Decrescente,Nublado,Dupla,Reta,Urbano,2007,2,0,1,1,0,0,2,2
317976,15/12/2007,Sábado,02:00:00,RN,406,143.9,CEARA-MIRIM,Ingestão de álcool,Capotamento,Com Vítimas Fatais,Plena noite,Crescente,Ceu Claro,Simples,Reta,Rural,2007,4,1,0,3,0,0,3,1
318051,10/11/2007,Sábado,04:05:00,RN,101,107.7,PARNAMIRIM,Falta de atenção,Colisão traseira,Com Vítimas Feridas,Amanhecer,Decrescente,Ceu Claro,Dupla,Cruzamento,Urbano,2007,3,0,2,0,1,0,2,2
318077,20/12/2007,Quinta,11:15:00,RN,101,85.5,NATAL,Não guardar distância de segurança,Colisão traseira,Sem Vítimas,Pleno dia,Decrescente,Ceu Claro,Simples,Reta,Urbano,2007,3,0,0,0,3,0,0,3
318096,14/12/2007,Sexta,19:50:00,RN,101,167.7,CANGUARETAMA,Outras,Tombamento,Sem Vítimas,Plena noite,Decrescente,Nevoeiro/neblina,Simples,Reta,Rural,2007,1,0,0,0,1,0,0,1
318196,20/12/2007,Quinta,11:15:00,RN,406,84.2,NATAL,Não guardar distância de segurança,Colisão traseira,Sem Vítimas,Pleno dia,Decrescente,Sol,Dupla,Reta,Urbano,2007,3,0,0,0,3,0,0,3
318204,20/12/2007,Quinta,07:40:00,RN,101,107.3,PARNAMIRIM,Falta de atenção,Colisão lateral,Sem Vítimas,Pleno dia,Crescente,Ceu Claro,Dupla,Reta,Urbano,2007,2,0,0,0,2,0,0,2
318294,20/12/2007,Quinta,10:30:00,RN,101,152.3,GOIANINHA,Falta de atenção,Colisão lateral,Com Vítimas Feridas,Pleno dia,Crescente,Sol,Simples,Reta,Rural,2007,2,0,0,1,0,1,1,2
318310,20/12/2007,Quinta,10:15:00,RN,101,85.0,NATAL,Falta de atenção,Colisão traseira,Sem Vítimas,Pleno dia,Decrescente,Ceu Claro,Dupla,Reta,Urbano,2007,2,0,0,0,2,0,0,2
318326,20/12/2007,Quinta,19:30:00,RN,101,76.2,NATAL,Animais na Pista,Atropelamento de animal,Sem Vítimas,Pleno dia,Decrescente,Ceu Claro,Simples,Reta,Rural,2007,1,0,0,0,1,0,0,1
318386,20/12/2007,Quinta,21:00:00,RN,405,26.9,MOSSORO,Animais na Pista,Capotamento,Com Vítimas Feridas,Plena noite,Decrescente,Ceu Claro,Simples,Reta,Rural,2007,2,0,2,0,0,0,2,1
318407,20/12/2007,Quinta,12:15:00,RN,101,110.9,PARNAMIRIM,Desobediência à sinalização,Colisão Transversal,Sem Vítimas,Pleno dia,Crescente,Ceu Claro,Simples,Reta,Rural,2007,2,0,0,0,2,0,0,2
318586,21/12/2007,Sexta,09:50:00,RN,427,69.2,JARDIM DO SERIDO,Não guardar distância de segurança,Colisão lateral,Sem Vítimas,Pleno dia,Decrescente,Ceu Claro,Simples,Reta,Rural,2007,2,0,0,0,2,0,0,2
318598,15/12/2007,Sábado,04:10:00,RN,101,103.0,PARNAMIRIM,Falta de atenção,Colisão lateral,Sem Vítimas,Amanhecer,Decrescente,Ceu Claro,Dupla,Reta,Urbano,2007,2,0,0,0,1,1,0,2
318605,21/12/2007,Sexta,09:30:00,RN,101,96.3,NATAL,Falta de atenção,Colisão traseira,Sem Vítimas,Pleno dia,Decrescente,Sol,Múltipla,Curva,Urbano,2007,2,0,0,0,2,0,0,2
318638,17/12/2007,Segunda,14:30:00,RN,101,94.4,NATAL,Não guardar distância de segurança,Colisão traseira,Sem Vítimas,Pleno dia,Decrescente,Sol,Múltipla,Reta,Urbano,2007,2,0,0,0,2,0,0,2
318649,13/12/2007,Quinta,16:20:00,RN,304,297.7,MACAIBA,Falta de atenção,Tombamento,Com Vítimas Feridas,Pleno dia,Decrescente,Ceu Claro,Dupla,Curva,Urbano,2007,1,0,1,0,0,0,1,1
318660,18/12/2007,Terça,10:30:00,RN,101,107.8,PARNAMIRIM,Desobediência à sinalização,Colisão Transversal,Sem Vítimas,Pleno dia,Decrescente,Ceu Claro,Dupla,Cruzamento,Urbano,2007,2,0,0,0,2,0,0,2
318665,18/12/2007,Terça,21:00:00,RN,226,215.4,SAO VICENTE,Outras,Colisão traseira,Sem Vítimas,Plena noite,Decrescente,Ceu Claro,Simples,Reta,Rural,2007,2,0,0,0,2,0,0,2
318686,21/12/2007,Sexta,15:00:00,RN,101,84.6,NATAL,Não guardar distância de segurança,Colisão traseira,Sem Vítimas,Pleno dia,Decrescente,Ceu Claro,Dupla,Reta,Urbano,2007,3,0,0,0,3,0,0,3
318738,17/12/2007,Segunda,13:40:00,RN,101,104.1,PARNAMIRIM,Falta de atenção,Colisão com objeto fixo,Sem Vítimas,Pleno dia,Decrescente,Ceu Claro,Simples,Curva,Urbano,2007,1,0,0,0,1,0,0,1
318755,17/12/2007,Segunda,19:50:00,RN,101,104.1,PARNAMIRIM,Falta de atenção,Colisão com objeto fixo,Com Vítimas Feridas,Plena noite,Decrescente,Ceu Claro,Dupla,Curva,Urbano,2007,1,0,0,1,0,0,1,1
318758,17/12/2007,Segunda,20:40:00,RN,101,104.3,PARNAMIRIM,Não guardar distância de segurança,Colisão traseira,Sem Vítimas,Plena noite,Decrescente,Ceu Claro,Dupla,Curva,Urbano,2007,2,0,0,0,2,0,0,2
318760,21/12/2007,Sexta,15:30:00,RN,101,94.4,NATAL,Falta de atenção,Colisão lateral,Com Vítimas Feridas,Pleno dia,Crescente,Sol,Múltipla,Reta,Urbano,2007,2,0,1,0,1,0,1,2
318771,21/12/2007,Sexta,10:30:00,RN,101,104.0,PARNAMIRIM,Falta de atenção,Colisão traseira,Sem Vítimas,Pleno dia,Crescente,Ceu Claro,Dupla,Reta,Urbano,2007,2,0,0,0,2,0,0,2
318775,21/12/2007,Sexta,17:00:00,RN,304,12.6,MOSSORO,Outras,Colisão traseira,Sem Vítimas,Pleno dia,Decrescente,Ceu Claro,Simples,Reta,Rural,2007,2,0,0,0,2,0,0,2
318824,17/12/2007,Segunda,21:50:00,RN,101,94.9,NATAL,Outras,Atropelamento de pessoa,Com Vítimas Feridas,Plena noite,Decrescente,Ceu Claro,Dupla,Reta,Urbano,2007,2,0,0,1,1,0,1,1
319007,21/12/2007,Sexta,09:00:00,RN,101,97.0,NATAL,Falta de atenção,Colisão traseira,Sem Vítimas,Pleno dia,Crescente,Sol,Simples,Reta,Urbano,2007,2,0,0,0,2,0,0,2
319145,18/12/2007,Terça,19:30:00,RN,101,96.0,NATAL,Não guardar distância de segurança,Colisão traseira,Sem Vítimas,Plena noite,Crescente,Ceu Claro,Dupla,Reta,Urbano,2007,4,0,0,0,4,0,0,4
319306,22/12/2007,Sábado,10:50:00,RN,101,103.2,PARNAMIRIM,Velocidade incompatível,Colisão traseira,Sem Vítimas,Pleno dia,Crescente,Ceu Claro,Dupla,Reta,Urbano,2007,5,0,0,0,5,0,0,5
319409,22/12/2007,Sábado,11:20:00,RN,101,101.8,PARNAMIRIM,Não guardar distância de segurança,Colisão traseira,Sem Vítimas,Pleno dia,Crescente,Ceu Claro,Dupla,Cruzamento,Urbano,2007,2,0,0,0,2,0,0,2
319478,22/12/2007,Sábado,11:10:00,RN,101,97.1,NATAL,Outras,Colisão traseira,Sem Vítimas,Pleno dia,Decrescente,Ceu Claro,Dupla,Reta,Urbano,2007,2,0,0,0,2,0,0,2
319489,22/12/2007,Sábado,12:25:00,RN,101,106.4,PARNAMIRIM,Falta de atenção,Colisão com objeto fixo,Sem Vítimas,Pleno dia,Decrescente,Ceu Claro,Dupla,Reta,Urbano,2007,1,0,0,0,1,0,0,1
319495,22/12/2007,Sábado,13:30:00,RN,101,97.0,NATAL,Falta de atenção,Colisão traseira,Sem Vítimas,Pleno dia,Crescente,Ceu Claro,Múltipla,Reta,Urbano,2007,2,0,0,0,2,0,0,2
319503,18/12/2007,Terça,12:00:00,RN,304,35.8,MOSSORO,Falta de atenção,Colisão traseira,Sem Vítimas,Pleno dia,Crescente,Ceu Claro,Simples,Reta,Urbano,2007,2,0,0,0,2,0,0,2
319509,22/12/2007,Sábado,16:30:00,RN,101,83.0,NATAL,Outras,Colisão traseira,Sem Vítimas,Pleno dia,Decrescente,Ceu Claro,Dupla,Reta,Urbano,2007,2,0,0,0,1,1,0,2
319583,22/12/2007,Sábado,10:20:00,RN,101,85.5,SAO GONCALO DO AMARANTE,Não guardar distância de segurança,Colisão traseira,Sem Vítimas,Pleno dia,Crescente,Ceu Claro,Dupla,Reta,Urbano,2007,2,0,0,0,2,0,0,2
319651,22/12/2007,Sábado,18:20:00,RN,406,151.9,CEARA-MIRIM,Falta de atenção,Colisão Transversal,Sem Vítimas,Plena noite,Crescente,Ceu Claro,Simples,Reta,Urbano,2007,2,0,0,0,2,0,0,2
319674,30/11/2007,Sexta,22:30:00,RN,101,100.7,PARNAMIRIM,Outras,Tombamento,Com Vítimas Feridas,Plena noite,Crescente,Ceu Claro,Dupla,Reta,Urbano,2007,1,0,1,0,0,0,1,1
319742,23/12/2007,Domingo,02:00:00,RN,110,50.0,MOSSORO,Falta de atenção,Colisão Transversal,Com Vítimas Feridas,Plena noite,Crescente,Ceu Claro,Simples,Reta,Urbano,2007,2,0,2,0,0,0,2,2
319758,22/12/2007,Sábado,18:45:00,RN,101,99.8,NATAL,Falta de atenção,Colisão traseira,Sem Vítimas,Plena noite,Crescente,Ceu Claro,Dupla,Cruzamento,Urbano,2007,2,0,0,0,2,0,0,2
319831,22/12/2007,Sábado,17:00:00,RN,427,12.5,ACARI,Outras,Atropelamento de pessoa,Com Vítimas Feridas,Pleno dia,Decrescente,Ceu Claro,Simples,Reta,Urbano,2007,2,0,1,0,1,0,1,1
319861,19/12/2007,Quarta,16:40:00,RN,304,305.3,MACAIBA,Outras,Colisão lateral,Sem Vítimas,Pleno dia,Crescente,Ceu Claro,Múltipla,Cruzamento,Urbano,2007,2,0,0,0,2,0,0,2
319875,19/12/2007,Quarta,17:10:00,RN,101,147.5,GOIANINHA,Defeito mecânico em veículo,Colisão Transversal,Sem Vítimas,Anoitecer,Crescente,Ceu Claro,Simples,Cruzamento,Urbano,2007,2,0,0,0,2,0,0,2
319907,19/12/2007,Quarta,21:43:00,RN,101,99.6,PARNAMIRIM,Falta de atenção,Colisão traseira,Sem Vítimas,Plena noite,Crescente,Ceu Claro,Dupla,Reta,Urbano,2007,2,0,0,0,2,0,0,2
319943,17/12/2007,Segunda,01:00:00,RN,110,46.4,MOSSORO,Ingestão de álcool,Queda de motocicleta / bicicleta / veículo,Com Vítimas Feridas,Plena noite,Crescente,Ceu Claro,Simples,Reta,Urbano,2007,1,0,0,1,0,0,1,1
319962,22/12/2007,Sábado,16:00:00,RN,226,111.3,SANTA CRUZ,Ingestão de álcool,Colisão Transversal,Sem Vítimas,Pleno dia,Decrescente,Ceu Claro,Simples,Reta,Urbano,2007,2,0,0,0,2,0,0,2
319991,19/12/2007,Quarta,18:20:00,RN,101,94.3,NATAL,Não guardar distância de segurança,Colisão traseira,Sem Vítimas,Anoitecer,Crescente,Ceu Claro,Múltipla,Cruzamento,Urbano,2007,3,0,0,0,3,0,0,3
320095,19/12/2007,Quarta,14:30:00,RN,101,81.0,NATAL,Não guardar distância de segurança,Colisão traseira,Sem Vítimas,Pleno dia,Decrescente,Ceu Claro,Simples,Reta,Urbano,2007,2,0,0,0,2,0,0,2
320184,23/12/2007,Domingo,11:50:00,RN,101,96.6,NATAL,Falta de atenção,Colisão lateral,Sem Vítimas,Pleno dia,Crescente,Ceu Claro,Dupla,Reta,Urbano,2007,2,0,0,0,2,0,0,2
320345,21/12/2007,Sexta,06:20:00,RN,406,164.2,NATAL,Falta de atenção,Colisão traseira,Sem Vítimas,Pleno dia,Crescente,Ceu Claro,Simples,Reta,Rural,2007,3,0,0,0,3,0,0,3
320360,20/12/2007,Quinta,16:20:00,RN,101,97.0,NATAL,Não guardar distância de segurança,Colisão traseira,Com Vítimas Feridas,Pleno dia,Decrescente,Sol,Dupla,Reta,Urbano,2007,2,0,0,1,1,0,1,2
320368,20/12/2007,Quinta,11:15:00,RN,101,103.3,PARNAMIRIM,Outras,Colisão com objeto móvel,Sem Vítimas,Pleno dia,Decrescente,Sol,Dupla,Reta,Urbano,2007,1,0,0,0,1,0,0,1
320377,20/12/2007,Quinta,23:00:00,RN,101,96.9,NATAL,Outras,Colisão lateral,Sem Vítimas,Plena noite,Crescente,Ceu Claro,Múltipla,Reta,Urbano,2007,2,0,0,0,2,0,0,2
320423,24/12/2007,Segunda,08:40:00,RN,101,84.2,SAO GONCALO DO AMARANTE,Falta de atenção,Colisão traseira,Com Vítimas Feridas,Pleno dia,Crescente,Sol,Dupla,Reta,Urbano,2007,5,0,2,1,2,0,3,2
320495,20/12/2007,Quinta,22:20:00,RN,101,96.3,NATAL,Outras,Queda de motocicleta / bicicleta / veículo,Com Vítimas Feridas,Plena noite,Crescente,Ceu Claro,Dupla,Reta,Urbano,2007,1,0,1,0,0,0,1,1
320529,20/12/2007,Quinta,08:10:00,RN,101,102.6,PARNAMIRIM,Falta de atenção,Colisão traseira,Sem Vítimas,Pleno dia,Crescente,Chuva,Dupla,Reta,Urbano,2007,2,0,0,0,2,0,0,2
320543,20/12/2007,Quinta,18:30:00,RN,101,97.9,NATAL,Falta de atenção,Colisão traseira,Sem Vítimas,Plena noite,Crescente,Nublado,Dupla,Cruzamento,Urbano,2007,2,0,0,0,2,0,0,2
320549,19/12/2007,Quarta,19:50:00,RN,304,56.4,MOSSORO,Animais na Pista,Atropelamento de animal,Sem Vítimas,Plena noite,Decrescente,Ceu Claro,Simples,Reta,Rural,2007,1,0,0,0,1,0,0,1
320561,23/12/2007,Domingo,23:00:00,RN,304,236.2,CAICARA DO RIO DO VENTO,Outras,Colisão Transversal,Sem Vítimas,Plena noite,Decrescente,Ceu Claro,Simples,Cruzamento,Rural,2007,2,0,0,0,2,0,0,2
320577,21/12/2007,Sexta,03:30:00,RN,101,102.9,PARNAMIRIM,Ingestão de álcool,Colisão Transversal,Sem Vítimas,Plena noite,Crescente,Nublado,Dupla,Cruzamento,Urbano,2007,2,0,0,0,2,0,0,2
320602,24/12/2007,Segunda,14:30:00,RN,101,98.5,NATAL,Outras,Colisão lateral,Sem Vítimas,Pleno dia,Decrescente,Vento,Dupla,Reta,Urbano,2007,2,0,0,0,2,0,0,2
320609,24/12/2007,Segunda,07:30:00,RN,101,95.3,NATAL,Falta de atenção,Colisão lateral,Sem Vítimas,Pleno dia,Crescente,Sol,Dupla,Reta,Urbano,2007,2,0,0,0,2,0,0,2
320648,24/12/2007,Segunda,17:15:00,RN,101,84.7,SAO GONCALO DO AMARANTE,Falta de atenção,Colisão traseira,Sem Vítimas,Pleno dia,Crescente,Sol,Dupla,Reta,Urbano,2007,3,0,0,0,3,0,0,3
320655,09/12/2007,Domingo,03:50:00,RN,406,163.2,SAO GONCALO DO AMARANTE,Velocidade incompatível,Capotamento,Com Vítimas Feridas,Plena noite,Crescente,Ceu Claro,Simples,Curva,Rural,2007,3,0,1,1,0,1,2,1
320687,24/12/2007,Segunda,16:30:00,RN,101,96.7,NATAL,Falta de atenção,Colisão traseira,Sem Vítimas,Pleno dia,Decrescente,Nublado,Simples,Cruzamento,Urbano,2007,2,0,0,0,2,0,0,2
320752,24/12/2007,Segunda,17:30:00,RN,405,100.9,SEVERIANO MELO,Ultrapassagem indevida,Colisão traseira,Sem Vítimas,Anoitecer,Crescente,Ceu Claro,Simples,Reta,Rural,2007,3,0,0,0,2,1,0,3
320779,24/12/2007,Segunda,15:15:00,RN,304,37.4,MOSSORO,Falta de atenção,Colisão traseira,Sem Vítimas,Pleno dia,Crescente,Ceu Claro,Simples,Cruzamento,Urbano,2007,2,0,0,0,2,0,0,2
320783,24/12/2007,Segunda,17:00:00,RN,101,84.9,SAO GONCALO DO AMARANTE,Falta de atenção,Colisão lateral,Sem Vítimas,Pleno dia,Crescente,Ceu Claro,Dupla,Reta,Urbano,2007,2,0,0,0,2,0,0,2
320838,21/12/2007,Sexta,15:40:00,RN,101,94.5,NATAL,Não guardar distância de segurança,Colisão traseira,Sem Vítimas,Pleno dia,Decrescente,Ceu Claro,Múltipla,Reta,Urbano,2007,3,0,0,0,3,0,0,3
320894,18/12/2007,Terça,20:30:00,RN,101,95.6,NATAL,Falta de atenção,Colisão traseira,Sem Vítimas,Plena noite,Crescente,Ceu Claro,Dupla,Reta,Urbano,2007,2,0,0,0,2,0,0,2
320908,21/12/2007,Sexta,19:40:00,RN,304,249.2,SANTA MARIA,Outras,Colisão frontal,Sem Vítimas,Plena noite,Decrescente,Ceu Claro,Dupla,Cruzamento,Rural,2007,2,0,0,0,2,0,0,2
320992,25/12/2007,Terça,09:10:00,RN,101,83.2,NATAL,Falta de atenção,Colisão traseira,Sem Vítimas,Pleno dia,Decrescente,Sol,Dupla,Reta,Urbano,2007,2,0,0,0,2,0,0,2
321010,23/12/2007,Domingo,15:25:00,RN,406,169.0,SAO GONCALO DO AMARANTE,Defeito mecânico em veículo,Capotamento,Com Vítimas Feridas,Pleno dia,Crescente,Sol,Simples,Reta,Urbano,2007,2,0,1,0,1,0,1,1
321014,22/12/2007,Sábado,22:40:00,RN,101,107.3,PARNAMIRIM,Falta de atenção,Tombamento,Sem Vítimas,Plena noite,Crescente,Ceu Claro,Dupla,Cruzamento,Urbano,2007,1,0,0,0,1,0,0,1
321030,25/12/2007,Terça,10:20:00,RN,101,94.4,NATAL,Outras,Capotamento,Com Vítimas Feridas,Pleno dia,Decrescente,Sol,Múltipla,Reta,Urbano,2007,2,0,2,0,0,0,2,1